{
	"credit": "Made with Blockbench",
	"texture_size": [64, 64],
	"textures": {
		"1": "the_vault:block/god_altar/idona",
		"particle": "the_vault:block/god_altar/idona"
	},
	"elements": [
		{
			"from": [0, 0, 0],
			"to": [16, 3, 16],
			"faces": {
				"north": {"uv": [0, 4, 4, 4.75], "texture": "#1"},
				"east": {"uv": [0, 4, 4, 4.75], "texture": "#1"},
				"south": {"uv": [0, 4, 4, 4.75], "texture": "#1"},
				"west": {"uv": [0, 4, 4, 4.75], "texture": "#1"},
				"up": {"uv": [0, 0, 4, 4], "texture": "#1"},
				"down": {"uv": [0, 5, 4, 9], "texture": "#1"}
			}
		},
		{
			"from": [4, 3, 10],
			"to": [12, 15, 14],
			"rotation": {"angle": 0, "axis": "y", "origin": [0, -1, 0]},
			"faces": {
				"north": {"uv": [8, 1, 10, 4], "texture": "#1"},
				"east": {"uv": [10, 0, 11, 3], "texture": "#1"},
				"south": {"uv": [11, 0, 13, 3], "texture": "#1"},
				"west": {"uv": [10, 0, 11, 3], "texture": "#1"},
				"up": {"uv": [8, 0, 10, 1], "texture": "#1"},
				"down": {"uv": [8, 0, 10, 1], "texture": "#1"}
			}
		},
		{
			"from": [4, 15, 8],
			"to": [12, 25, 16],
			"rotation": {"angle": 0, "axis": "y", "origin": [0, -1, 0]},
			"faces": {
				"north": {"uv": [4, 2, 6, 4.5], "texture": "#1"},
				"east": {"uv": [6, 2, 8, 4.5], "texture": "#1"},
				"south": {"uv": [6, 2, 8, 4.5], "texture": "#1"},
				"west": {"uv": [6, 2, 8, 4.5], "texture": "#1"},
				"up": {"uv": [4, 0, 6, 2], "texture": "#1"},
				"down": {"uv": [6, 0, 8, 2], "texture": "#1"}
			}
		},
		{
			"from": [10, 3, 9],
			"to": [13, 16, 10],
			"rotation": {"angle": 0, "axis": "y", "origin": [0, -1, 0]},
			"faces": {
				"north": {"uv": [6, 4.5, 6.75, 7.75], "texture": "#1"},
				"east": {"uv": [6.75, 4.5, 7, 7.75], "texture": "#1"},
				"south": {"uv": [6, 4.5, 6.75, 7.75], "texture": "#1"},
				"west": {"uv": [6.75, 4.5, 7, 7.75], "texture": "#1"},
				"up": {"uv": [7, 5.75, 7.75, 6], "texture": "#1"},
				"down": {"uv": [7, 5.75, 7.75, 6], "texture": "#1"}
			}
		},
		{
			"from": [10, 3, 14],
			"to": [13, 16, 15],
			"rotation": {"angle": 0, "axis": "y", "origin": [0, -1, 0]},
			"faces": {
				"north": {"uv": [6, 4.5, 6.75, 7.75], "texture": "#1"},
				"east": {"uv": [6.75, 4.5, 7, 7.75], "texture": "#1"},
				"south": {"uv": [6, 4.5, 6.75, 7.75], "texture": "#1"},
				"west": {"uv": [6.75, 4.5, 7, 7.75], "texture": "#1"},
				"up": {"uv": [7, 5.75, 7.75, 6], "texture": "#1"},
				"down": {"uv": [7, 5.75, 7.75, 6], "texture": "#1"}
			}
		},
		{
			"from": [3, 3, 9],
			"to": [6, 16, 10],
			"rotation": {"angle": 0, "axis": "y", "origin": [0, -1, 0]},
			"faces": {
				"north": {"uv": [6, 4.5, 6.75, 7.75], "texture": "#1"},
				"east": {"uv": [6.75, 4.5, 7, 7.75], "texture": "#1"},
				"south": {"uv": [6, 4.5, 6.75, 7.75], "texture": "#1"},
				"west": {"uv": [6.75, 4.5, 7, 7.75], "texture": "#1"},
				"up": {"uv": [7, 5.75, 7.75, 6], "texture": "#1"},
				"down": {"uv": [7, 5.75, 7.75, 6], "texture": "#1"}
			}
		},
		{
			"from": [3, 3, 14],
			"to": [6, 16, 15],
			"rotation": {"angle": 0, "axis": "y", "origin": [0, -1, 0]},
			"faces": {
				"north": {"uv": [6, 4.5, 6.75, 7.75], "texture": "#1"},
				"east": {"uv": [6.75, 4.5, 7, 7.75], "texture": "#1"},
				"south": {"uv": [6, 4.5, 6.75, 7.75], "texture": "#1"},
				"west": {"uv": [6.75, 4.5, 7, 7.75], "texture": "#1"},
				"up": {"uv": [7, 5.75, 7.75, 6], "texture": "#1"},
				"down": {"uv": [7, 5.75, 7.75, 6], "texture": "#1"}
			}
		},
		{
			"from": [10, 15, 10],
			"to": [13, 16, 14],
			"rotation": {"angle": 0, "axis": "y", "origin": [0, -1, 0]},
			"faces": {
				"north": {"uv": [7, 5.75, 7.75, 6], "texture": "#1"},
				"east": {"uv": [6.75, 4.5, 7, 5.5], "rotation": 90, "texture": "#1"},
				"south": {"uv": [7, 5.75, 7.75, 6], "texture": "#1"},
				"west": {"uv": [6.75, 4.5, 7, 5.5], "rotation": 90, "texture": "#1"},
				"up": {"uv": [7, 4.75, 7.75, 5.75], "texture": "#1"},
				"down": {"uv": [7, 4.75, 7.75, 5.75], "texture": "#1"}
			}
		},
		{
			"from": [3, 15, 10],
			"to": [6, 16, 14],
			"rotation": {"angle": 0, "axis": "y", "origin": [0, -1, 0]},
			"faces": {
				"north": {"uv": [7, 5.75, 7.75, 6], "texture": "#1"},
				"east": {"uv": [6.75, 4.5, 7, 5.5], "rotation": 90, "texture": "#1"},
				"south": {"uv": [7, 5.75, 7.75, 6], "texture": "#1"},
				"west": {"uv": [6.75, 4.5, 7, 5.5], "rotation": 90, "texture": "#1"},
				"up": {"uv": [7, 4.75, 7.75, 5.75], "texture": "#1"},
				"down": {"uv": [7, 4.75, 7.75, 5.75], "texture": "#1"}
			}
		},
		{
			"from": [7, 14, 6],
			"to": [9, 18, 8],
			"rotation": {"angle": 0, "axis": "y", "origin": [0, -1, 0]},
			"faces": {
				"north": {"uv": [0.75, 9.5, 1.25, 10.5], "texture": "#1"},
				"east": {"uv": [1.25, 9, 1.75, 10], "texture": "#1"},
				"south": {"uv": [0.75, 9.5, 1.25, 10.5], "texture": "#1"},
				"west": {"uv": [1.25, 9, 1.75, 10], "texture": "#1"},
				"up": {"uv": [0.75, 9, 1.25, 9.5], "texture": "#1"},
				"down": {"uv": [0.75, 9, 1.25, 9.5], "texture": "#1"}
			}
		},
		{
			"from": [0, 11, 2],
			"to": [4, 15, 14],
			"faces": {
				"north": {"uv": [5, 4.5, 6, 5.5], "texture": "#1"},
				"east": {"uv": [5, 5.5, 6, 8.5], "rotation": 270, "texture": "#1"},
				"south": {"uv": [4, 4.5, 5, 5.5], "texture": "#1"},
				"west": {"uv": [5, 5.5, 6, 8.5], "rotation": 90, "texture": "#1"},
				"up": {"uv": [4, 5.5, 5, 8.5], "rotation": 180, "texture": "#1"},
				"down": {"uv": [4, 5.5, 5, 8.5], "texture": "#1"}
			}
		},
		{
			"from": [12, 11, 2],
			"to": [16, 15, 14],
			"faces": {
				"north": {"uv": [5, 4.5, 6, 5.5], "texture": "#1"},
				"east": {"uv": [5, 5.5, 6, 8.5], "rotation": 270, "texture": "#1"},
				"south": {"uv": [4, 4.5, 5, 5.5], "texture": "#1"},
				"west": {"uv": [5, 5.5, 6, 8.5], "rotation": 90, "texture": "#1"},
				"up": {"uv": [4, 5.5, 5, 8.5], "rotation": 180, "texture": "#1"},
				"down": {"uv": [4, 5.5, 5, 8.5], "texture": "#1"}
			}
		},
		{
			"from": [-3.5, 19.8, 7.9],
			"to": [0, 20.8, 8.9],
			"rotation": {"angle": -22.5, "axis": "z", "origin": [0, -1, 0]},
			"faces": {
				"north": {"uv": [10, 3, 10.75, 3.25], "texture": "#1"},
				"east": {"uv": [10, 3, 10.25, 3.25], "texture": "#1"},
				"south": {"uv": [10, 3, 10.75, 3.25], "texture": "#1"},
				"west": {"uv": [10, 3, 10.25, 3.25], "texture": "#1"},
				"up": {"uv": [10, 3, 10.75, 3.25], "texture": "#1"},
				"down": {"uv": [10, 3, 10.75, 3.25], "texture": "#1"}
			}
		},
		{
			"from": [14.75, 13.7, 7.9],
			"to": [18.25, 14.7, 8.9],
			"rotation": {"angle": 22.5, "axis": "z", "origin": [0, -1, 0]},
			"faces": {
				"north": {"uv": [10, 3, 10.75, 3.25], "texture": "#1"},
				"east": {"uv": [10, 3, 10.25, 3.25], "texture": "#1"},
				"south": {"uv": [10, 3, 10.75, 3.25], "texture": "#1"},
				"west": {"uv": [10, 3, 10.25, 3.25], "texture": "#1"},
				"up": {"uv": [10, 3, 10.75, 3.25], "texture": "#1"},
				"down": {"uv": [10, 3, 10.75, 3.25], "texture": "#1"}
			}
		},
		{
			"from": [0.5, 3, 0.5],
			"to": [2.5, 4, 2.5],
			"faces": {
				"north": {"uv": [0.25, 9.75, 0.75, 10], "texture": "#1"},
				"east": {"uv": [0, 9.75, 0.5, 10], "texture": "#1"},
				"south": {"uv": [0.25, 9.75, 0.75, 10], "texture": "#1"},
				"west": {"uv": [0, 9.75, 0.5, 10], "texture": "#1"},
				"up": {"uv": [0, 9, 0.5, 9.5], "texture": "#1"},
				"down": {"uv": [0, 9, 0.5, 9.5], "texture": "#1"}
			}
		},
		{
			"from": [13.5, 3, 0.5],
			"to": [15.5, 4, 2.5],
			"faces": {
				"north": {"uv": [0.25, 9.75, 0.75, 10], "texture": "#1"},
				"east": {"uv": [0, 9.75, 0.5, 10], "texture": "#1"},
				"south": {"uv": [0.25, 9.75, 0.75, 10], "texture": "#1"},
				"west": {"uv": [0, 9.75, 0.5, 10], "texture": "#1"},
				"up": {"uv": [0, 9, 0.5, 9.5], "texture": "#1"},
				"down": {"uv": [0, 9, 0.5, 9.5], "texture": "#1"}
			}
		},
		{
			"from": [0.5, 3, 4.5],
			"to": [2.5, 4, 6.5],
			"faces": {
				"north": {"uv": [0.25, 9.75, 0.75, 10], "texture": "#1"},
				"east": {"uv": [0, 9.75, 0.5, 10], "texture": "#1"},
				"south": {"uv": [0.25, 9.75, 0.75, 10], "texture": "#1"},
				"west": {"uv": [0, 9.75, 0.5, 10], "texture": "#1"},
				"up": {"uv": [0, 9, 0.5, 9.5], "texture": "#1"},
				"down": {"uv": [0, 9, 0.5, 9.5], "texture": "#1"}
			}
		},
		{
			"from": [13.5, 3, 4.5],
			"to": [15.5, 4, 6.5],
			"faces": {
				"north": {"uv": [0.25, 9.75, 0.75, 10], "texture": "#1"},
				"east": {"uv": [0, 9.75, 0.5, 10], "texture": "#1"},
				"south": {"uv": [0.25, 9.75, 0.75, 10], "texture": "#1"},
				"west": {"uv": [0, 9.75, 0.5, 10], "texture": "#1"},
				"up": {"uv": [0, 9, 0.5, 9.5], "texture": "#1"},
				"down": {"uv": [0, 9, 0.5, 9.5], "texture": "#1"}
			}
		},
		{
			"from": [1.5, 3, 2.5],
			"to": [3.5, 5, 4.5],
			"faces": {
				"north": {"uv": [0.25, 9.75, 0.75, 10.25], "texture": "#1"},
				"east": {"uv": [0, 9.75, 0.5, 10.25], "texture": "#1"},
				"south": {"uv": [0.25, 9.75, 0.75, 10.25], "texture": "#1"},
				"west": {"uv": [0, 9.75, 0.5, 10.25], "texture": "#1"},
				"up": {"uv": [0, 9, 0.5, 9.5], "texture": "#1"},
				"down": {"uv": [0, 9, 0.5, 9.5], "texture": "#1"}
			}
		},
		{
			"from": [12.5, 3, 2.5],
			"to": [14.5, 5, 4.5],
			"faces": {
				"north": {"uv": [0.25, 9.75, 0.75, 10.25], "texture": "#1"},
				"east": {"uv": [0, 9.75, 0.5, 10.25], "texture": "#1"},
				"south": {"uv": [0.25, 9.75, 0.75, 10.25], "texture": "#1"},
				"west": {"uv": [0, 9.75, 0.5, 10.25], "texture": "#1"},
				"up": {"uv": [0, 9, 0.5, 9.5], "texture": "#1"},
				"down": {"uv": [0, 9, 0.5, 9.5], "texture": "#1"}
			}
		},
		{
			"from": [2.5, 3, 5.5],
			"to": [4.5, 7, 7.5],
			"faces": {
				"north": {"uv": [0.25, 9.75, 0.75, 10.75], "texture": "#1"},
				"east": {"uv": [0, 9.75, 0.5, 10.75], "texture": "#1"},
				"south": {"uv": [0.25, 9.75, 0.75, 10.75], "texture": "#1"},
				"west": {"uv": [0, 9.75, 0.5, 10.75], "texture": "#1"},
				"up": {"uv": [0, 9, 0.5, 9.5], "texture": "#1"},
				"down": {"uv": [0, 9, 0.5, 9.5], "texture": "#1"}
			}
		},
		{
			"from": [11.5, 3, 5.5],
			"to": [13.5, 7, 7.5],
			"faces": {
				"north": {"uv": [0.25, 9.75, 0.75, 10.75], "texture": "#1"},
				"east": {"uv": [0, 9.75, 0.5, 10.75], "texture": "#1"},
				"south": {"uv": [0.25, 9.75, 0.75, 10.75], "texture": "#1"},
				"west": {"uv": [0, 9.75, 0.5, 10.75], "texture": "#1"},
				"up": {"uv": [0, 9, 0.5, 9.5], "texture": "#1"},
				"down": {"uv": [0, 9, 0.5, 9.5], "texture": "#1"}
			}
		},
		{
			"from": [1, 3.5, 1],
			"to": [2, 4.5, 2],
			"faces": {
				"north": {"uv": [0, 11, 0.25, 11.25], "texture": "#1"},
				"east": {"uv": [0, 11, 0.25, 11.25], "texture": "#1"},
				"south": {"uv": [0, 11, 0.25, 11.25], "texture": "#1"},
				"west": {"uv": [0, 11, 0.25, 11.25], "texture": "#1"},
				"up": {"uv": [0, 11, 0.25, 11.25], "texture": "#1"},
				"down": {"uv": [0, 11, 0.25, 11.25], "texture": "#1"}
			}
		},
		{
			"from": [14, 3.5, 1],
			"to": [15, 4.5, 2],
			"faces": {
				"north": {"uv": [0, 11, 0.25, 11.25], "texture": "#1"},
				"east": {"uv": [0, 11, 0.25, 11.25], "texture": "#1"},
				"south": {"uv": [0, 11, 0.25, 11.25], "texture": "#1"},
				"west": {"uv": [0, 11, 0.25, 11.25], "texture": "#1"},
				"up": {"uv": [0, 11, 0.25, 11.25], "texture": "#1"},
				"down": {"uv": [0, 11, 0.25, 11.25], "texture": "#1"}
			}
		},
		{
			"from": [1, 3.5, 5],
			"to": [2, 4.5, 6],
			"faces": {
				"north": {"uv": [0, 11, 0.25, 11.25], "texture": "#1"},
				"east": {"uv": [0, 11, 0.25, 11.25], "texture": "#1"},
				"south": {"uv": [0, 11, 0.25, 11.25], "texture": "#1"},
				"west": {"uv": [0, 11, 0.25, 11.25], "texture": "#1"},
				"up": {"uv": [0, 11, 0.25, 11.25], "texture": "#1"},
				"down": {"uv": [0, 11, 0.25, 11.25], "texture": "#1"}
			}
		},
		{
			"from": [14, 3.5, 5],
			"to": [15, 4.5, 6],
			"faces": {
				"north": {"uv": [0, 11, 0.25, 11.25], "texture": "#1"},
				"east": {"uv": [0, 11, 0.25, 11.25], "texture": "#1"},
				"south": {"uv": [0, 11, 0.25, 11.25], "texture": "#1"},
				"west": {"uv": [0, 11, 0.25, 11.25], "texture": "#1"},
				"up": {"uv": [0, 11, 0.25, 11.25], "texture": "#1"},
				"down": {"uv": [0, 11, 0.25, 11.25], "texture": "#1"}
			}
		},
		{
			"from": [2, 4.5, 3],
			"to": [3, 5.5, 4],
			"faces": {
				"north": {"uv": [0, 11, 0.25, 11.25], "texture": "#1"},
				"east": {"uv": [0, 11, 0.25, 11.25], "texture": "#1"},
				"south": {"uv": [0, 11, 0.25, 11.25], "texture": "#1"},
				"west": {"uv": [0, 11, 0.25, 11.25], "texture": "#1"},
				"up": {"uv": [0, 11, 0.25, 11.25], "texture": "#1"},
				"down": {"uv": [0, 11, 0.25, 11.25], "texture": "#1"}
			}
		},
		{
			"from": [13, 4.5, 3],
			"to": [14, 5.5, 4],
			"faces": {
				"north": {"uv": [0, 11, 0.25, 11.25], "texture": "#1"},
				"east": {"uv": [0, 11, 0.25, 11.25], "texture": "#1"},
				"south": {"uv": [0, 11, 0.25, 11.25], "texture": "#1"},
				"west": {"uv": [0, 11, 0.25, 11.25], "texture": "#1"},
				"up": {"uv": [0, 11, 0.25, 11.25], "texture": "#1"},
				"down": {"uv": [0, 11, 0.25, 11.25], "texture": "#1"}
			}
		},
		{
			"from": [3, 6.5, 6],
			"to": [4, 7.5, 7],
			"faces": {
				"north": {"uv": [0, 11, 0.25, 11.25], "texture": "#1"},
				"east": {"uv": [0, 11, 0.25, 11.25], "texture": "#1"},
				"south": {"uv": [0, 11, 0.25, 11.25], "texture": "#1"},
				"west": {"uv": [0, 11, 0.25, 11.25], "texture": "#1"},
				"up": {"uv": [0, 11, 0.25, 11.25], "texture": "#1"},
				"down": {"uv": [0, 11, 0.25, 11.25], "texture": "#1"}
			}
		},
		{
			"from": [12, 6.5, 6],
			"to": [13, 7.5, 7],
			"faces": {
				"north": {"uv": [0, 11, 0.25, 11.25], "texture": "#1"},
				"east": {"uv": [0, 11, 0.25, 11.25], "texture": "#1"},
				"south": {"uv": [0, 11, 0.25, 11.25], "texture": "#1"},
				"west": {"uv": [0, 11, 0.25, 11.25], "texture": "#1"},
				"up": {"uv": [0, 11, 0.25, 11.25], "texture": "#1"},
				"down": {"uv": [0, 11, 0.25, 11.25], "texture": "#1"}
			}
		},
		{
			"from": [4, 3, 1],
			"to": [12, 10, 9],
			"faces": {
				"north": {"uv": [4, 14.25, 6, 16], "texture": "#1"},
				"east": {"uv": [2, 14.25, 4, 16], "texture": "#1"},
				"south": {"uv": [8, 14.25, 10, 16], "texture": "#1"},
				"west": {"uv": [6, 14.25, 8, 16], "texture": "#1"},
				"up": {"uv": [4, 12.25, 6, 14.25], "texture": "#1"},
				"down": {"uv": [6, 12.25, 8, 14.25], "texture": "#1"}
			}
		},
		{
			"from": [3.8, 21, 7.8],
			"to": [12.2, 23.2, 7.8],
			"faces": {
				"north": {"uv": [10, 15, 12, 15.5], "texture": "#1"},
				"east": {"uv": [0, 0, 0, 0.55], "texture": "#1"},
				"south": {"uv": [10, 15, 12, 15.5], "texture": "#1"},
				"west": {"uv": [0, 0, 0, 0.55], "texture": "#1"},
				"up": {"uv": [0, 0, 2.1, 0], "texture": "#1"},
				"down": {"uv": [0, 0, 2.1, 0], "texture": "#1"}
			}
		},
		{
			"from": [3.8, 21, 7.8],
			"to": [3.8, 23.2, 16.2],
			"faces": {
				"north": {"uv": [0, 0, 0, 0.55], "texture": "#1"},
				"east": {"uv": [12, 15, 14, 15.5], "texture": "#1"},
				"south": {"uv": [0, 0, 0, 0.55], "texture": "#1"},
				"west": {"uv": [12, 15, 14, 15.5], "texture": "#1"},
				"up": {"uv": [0, 0, 0, 2.1], "texture": "#1"},
				"down": {"uv": [0, 0, 0, 2.1], "texture": "#1"}
			}
		},
		{
			"from": [12.2, 21, 7.8],
			"to": [12.2, 23.2, 16.2],
			"faces": {
				"north": {"uv": [0, 0, 0, 0.55], "texture": "#1"},
				"east": {"uv": [12, 15, 14, 15.5], "texture": "#1"},
				"south": {"uv": [0, 0, 0, 0.55], "texture": "#1"},
				"west": {"uv": [12, 15, 14, 15.55], "texture": "#1"},
				"up": {"uv": [0, 0, 0, 2.1], "texture": "#1"},
				"down": {"uv": [0, 0, 0, 2.1], "texture": "#1"}
			}
		},
		{
			"from": [3.8, 18.8, 16.2],
			"to": [12.2, 23.2, 16.2],
			"faces": {
				"north": {"uv": [14, 15, 16, 16], "texture": "#1"},
				"east": {"uv": [0, 0, 0, 1.1], "texture": "#1"},
				"south": {"uv": [14, 15, 16, 16], "texture": "#1"},
				"west": {"uv": [0, 0, 0, 1.1], "texture": "#1"},
				"up": {"uv": [0, 0, 2.1, 0], "texture": "#1"},
				"down": {"uv": [0, 0, 2.1, 0], "texture": "#1"}
			}
		},
		{
			"from": [-2, 15, 2],
			"to": [1, 16, 5],
			"rotation": {"angle": 45, "axis": "y", "origin": [0, 0, 0]},
			"faces": {
				"north": {"uv": [15.25, 14.25, 16, 14.5], "texture": "#1"},
				"east": {"uv": [14.75, 14.25, 15.5, 14.5], "texture": "#1"},
				"south": {"uv": [14.75, 14.25, 15.5, 14.5], "rotation": 180, "texture": "#1"},
				"west": {"uv": [15.25, 14.25, 16, 14.5], "texture": "#1"},
				"up": {"uv": [15.25, 13.5, 16, 14.25], "rotation": 180, "texture": "#1"},
				"down": {"uv": [15.25, 13.5, 16, 14.25], "rotation": 90, "texture": "#1"}
			}
		},
		{
			"from": [0, 15, 4],
			"to": [2, 16, 6],
			"rotation": {"angle": 45, "axis": "y", "origin": [0, 0, 0]},
			"faces": {
				"north": {"uv": [15.5, 14.25, 16, 14.5], "texture": "#1"},
				"east": {"uv": [15.5, 14.25, 16, 14.5], "texture": "#1"},
				"south": {"uv": [15.5, 14.25, 16, 14.5], "texture": "#1"},
				"west": {"uv": [15.5, 14.25, 16, 14.5], "texture": "#1"},
				"up": {"uv": [15, 13.25, 15.5, 13.75], "rotation": 180, "texture": "#1"},
				"down": {"uv": [15, 13.25, 15.5, 13.75], "rotation": 90, "texture": "#1"}
			}
		},
		{
			"from": [1, 15, 5],
			"to": [3, 16, 7],
			"rotation": {"angle": 45, "axis": "y", "origin": [0, 0, 0]},
			"faces": {
				"north": {"uv": [15.25, 14.25, 15.75, 14.5], "texture": "#1"},
				"east": {"uv": [15, 14.25, 15.5, 14.5], "texture": "#1"},
				"south": {"uv": [15.25, 14.25, 15.75, 14.5], "texture": "#1"},
				"west": {"uv": [15, 14.25, 15.5, 14.5], "texture": "#1"},
				"up": {"uv": [14.75, 13, 15.25, 13.5], "rotation": 180, "texture": "#1"},
				"down": {"uv": [14.75, 13, 15.25, 13.5], "rotation": 90, "texture": "#1"}
			}
		},
		{
			"from": [2, 15, 6],
			"to": [4, 16, 8],
			"rotation": {"angle": 45, "axis": "y", "origin": [0, 0, 0]},
			"faces": {
				"north": {"uv": [13.75, 14.25, 14.25, 14.5], "texture": "#1"},
				"east": {"uv": [13.75, 14.25, 14.25, 14.5], "texture": "#1"},
				"south": {"uv": [13.75, 14.25, 14.25, 14.5], "texture": "#1"},
				"west": {"uv": [13.75, 14.25, 14.25, 14.5], "texture": "#1"},
				"up": {"uv": [14.5, 12.75, 15, 13.25], "rotation": 180, "texture": "#1"},
				"down": {"uv": [14.5, 12.75, 15, 13.25], "rotation": 90, "texture": "#1"}
			}
		},
		{
			"from": [3, 15, 7],
			"to": [5, 16, 9],
			"rotation": {"angle": 45, "axis": "y", "origin": [0, 0, 0]},
			"faces": {
				"north": {"uv": [13.75, 14.25, 14.25, 14.5], "texture": "#1"},
				"east": {"uv": [13.75, 14.25, 14.25, 14.5], "texture": "#1"},
				"south": {"uv": [13.75, 14.25, 14.25, 14.5], "texture": "#1"},
				"west": {"uv": [13.75, 14.25, 14.25, 14.5], "texture": "#1"},
				"up": {"uv": [14.25, 12.5, 14.75, 13], "rotation": 180, "texture": "#1"},
				"down": {"uv": [14.25, 12.5, 14.75, 13], "rotation": 90, "texture": "#1"}
			}
		},
		{
			"from": [4, 15, 8],
			"to": [6, 16, 10],
			"rotation": {"angle": 45, "axis": "y", "origin": [0, 0, 0]},
			"faces": {
				"north": {"uv": [13.75, 14.25, 14.25, 14.5], "texture": "#1"},
				"east": {"uv": [13.75, 14.25, 14.25, 14.5], "texture": "#1"},
				"south": {"uv": [13.75, 14.25, 14.25, 14.5], "texture": "#1"},
				"west": {"uv": [13.75, 14.25, 14.25, 14.5], "texture": "#1"},
				"up": {"uv": [14, 12.25, 14.5, 12.75], "rotation": 180, "texture": "#1"},
				"down": {"uv": [14, 12.25, 14.5, 12.75], "rotation": 90, "texture": "#1"}
			}
		},
		{
			"from": [5, 15, 9],
			"to": [7, 16, 11],
			"rotation": {"angle": 45, "axis": "y", "origin": [0, 0, 0]},
			"faces": {
				"north": {"uv": [13.75, 14.5, 14.25, 14.75], "texture": "#1"},
				"east": {"uv": [13.75, 14.5, 14.25, 14.75], "texture": "#1"},
				"south": {"uv": [13.75, 14.5, 14.25, 14.75], "texture": "#1"},
				"west": {"uv": [13.75, 14.5, 14.25, 14.75], "texture": "#1"},
				"up": {"uv": [13.75, 12, 14.25, 12.5], "rotation": 180, "texture": "#1"},
				"down": {"uv": [13.75, 12, 14.25, 12.5], "rotation": 90, "texture": "#1"}
			}
		},
		{
			"from": [6, 15, 10],
			"to": [10, 16, 14],
			"rotation": {"angle": 45, "axis": "y", "origin": [0, 0, 0]},
			"faces": {
				"north": {"uv": [15, 14.75, 16, 15], "texture": "#1"},
				"east": {"uv": [14.25, 14.5, 15.25, 14.75], "texture": "#1"},
				"south": {"uv": [14.25, 14.5, 15.25, 14.75], "rotation": 180, "texture": "#1"},
				"west": {"uv": [15, 14.5, 16, 14.75], "texture": "#1"},
				"up": {"uv": [13, 11.25, 14, 12.25], "rotation": 180, "texture": "#1"},
				"down": {"uv": [13, 11.25, 14, 12.25], "rotation": 90, "texture": "#1"}
			}
		},
		{
			"from": [5, 15, 12],
			"to": [6, 16, 13],
			"rotation": {"angle": 45, "axis": "y", "origin": [0, 0, 0]},
			"faces": {
				"north": {"uv": [15.75, 14.5, 16, 14.75], "texture": "#1"},
				"east": {"uv": [15.75, 14.5, 16, 14.75], "texture": "#1"},
				"south": {"uv": [15.75, 14.5, 16, 14.75], "texture": "#1"},
				"west": {"uv": [15.75, 14.5, 16, 14.75], "texture": "#1"},
				"up": {"uv": [14, 11.5, 14.25, 11.75], "texture": "#1"},
				"down": {"uv": [14, 11.5, 14.25, 11.75], "rotation": 90, "texture": "#1"}
			}
		},
		{
			"from": [8, 15, 9],
			"to": [11, 16, 11],
			"rotation": {"angle": 45, "axis": "y", "origin": [0, 0, 0]},
			"faces": {
				"north": {"uv": [15, 14.75, 15.75, 15], "texture": "#1"},
				"east": {"uv": [15.25, 14.5, 15.75, 14.75], "texture": "#1"},
				"south": {"uv": [15.25, 14.5, 16, 14.75], "texture": "#1"},
				"west": {"uv": [15.25, 14.75, 15.75, 15], "texture": "#1"},
				"up": {"uv": [12.75, 12, 13.5, 12.5], "rotation": 180, "texture": "#1"},
				"down": {"uv": [12.75, 12, 13.25, 12.75], "rotation": 90, "texture": "#1"}
			}
		},
		{
			"from": [10, 15, 7],
			"to": [12, 16, 9],
			"rotation": {"angle": 45, "axis": "y", "origin": [0, 0, 0]},
			"faces": {
				"north": {"uv": [15.25, 14.75, 15.75, 15], "texture": "#1"},
				"east": {"uv": [15.5, 14.5, 16, 14.75], "texture": "#1"},
				"south": {"uv": [15.5, 14.5, 16, 14.75], "texture": "#1"},
				"west": {"uv": [15.25, 14.75, 15.75, 15], "texture": "#1"},
				"up": {"uv": [12.5, 12.5, 13, 13], "rotation": 180, "texture": "#1"},
				"down": {"uv": [12.5, 12.5, 13, 13], "rotation": 90, "texture": "#1"}
			}
		},
		{
			"from": [9, 15, 8],
			"to": [10, 16, 9],
			"rotation": {"angle": 45, "axis": "y", "origin": [0, 0, 0]},
			"faces": {
				"north": {"uv": [15.5, 14.75, 15.75, 15], "texture": "#1"},
				"east": {"uv": [15.5, 14.75, 15.75, 15], "texture": "#1"},
				"south": {"uv": [15.5, 14.75, 15.75, 15], "texture": "#1"},
				"west": {"uv": [15.5, 14.75, 15.75, 15], "texture": "#1"},
				"up": {"uv": [13, 12.5, 13.25, 12.75], "texture": "#1"},
				"down": {"uv": [13, 12.5, 13.25, 12.75], "rotation": 90, "texture": "#1"}
			}
		},
		{
			"from": [11, 15, 5],
			"to": [12, 16, 7],
			"rotation": {"angle": 45, "axis": "y", "origin": [0, 0, 0]},
			"faces": {
				"north": {"uv": [15.5, 14.75, 15.75, 15], "texture": "#1"},
				"east": {"uv": [15.5, 14.75, 16, 15], "texture": "#1"},
				"south": {"uv": [0, 0, 0.25, 0.25], "texture": "#1"},
				"west": {"uv": [15.5, 14.75, 16, 15], "texture": "#1"},
				"up": {"uv": [12.5, 13, 12.75, 13.5], "rotation": 180, "texture": "#1"},
				"down": {"uv": [12.5, 13, 13, 13.25], "rotation": 90, "texture": "#1"}
			}
		},
		{
			"from": [20.1, 13.3, 11],
			"to": [22.1, 16.3, 13],
			"rotation": {"angle": 45, "axis": "z", "origin": [0, 0, 0]},
			"faces": {
				"north": {"uv": [13, 0.5, 13.5, 1.25], "texture": "#1"},
				"east": {"uv": [13, 0.5, 13.5, 1.25], "texture": "#1"},
				"south": {"uv": [13, 0.5, 13.5, 1.25], "texture": "#1"},
				"west": {"uv": [13, 0.5, 13.5, 1.25], "texture": "#1"},
				"up": {"uv": [13, 0, 13.5, 0.5], "texture": "#1"},
				"down": {"uv": [13, 0, 13.5, 0.5], "texture": "#1"}
			}
		},
		{
			"from": [-10.9, 24.5, 11],
			"to": [-8.9, 27.5, 13],
			"rotation": {"angle": -45, "axis": "z", "origin": [0, 0, 0]},
			"faces": {
				"north": {"uv": [13, 0.5, 13.5, 1.25], "texture": "#1"},
				"east": {"uv": [13, 0.5, 13.5, 1.25], "texture": "#1"},
				"south": {"uv": [13, 0.5, 13.5, 1.25], "texture": "#1"},
				"west": {"uv": [13, 0.5, 13.5, 1.25], "texture": "#1"},
				"up": {"uv": [13, 0, 13.5, 0.5], "texture": "#1"},
				"down": {"uv": [13, 0, 13.5, 0.5], "texture": "#1"}
			}
		}
	],
	"display": {
		"thirdperson_righthand": {
			"rotation": [0, -45, 0],
			"translation": [0, 2.5, 0],
			"scale": [0.37, 0.37, 0.37]
		},
		"firstperson_righthand": {
			"rotation": [0, -46, 0],
			"translation": [0, 2.5, 0],
			"scale": [0.4, 0.4, 0.41]
		},
		"ground": {
			"translation": [0, 3, 0],
			"scale": [0.3, 0.3, 0.3]
		},
		"gui": {
			"rotation": [30, 135, 0],
			"translation": [0, -2, 0],
			"scale": [0.6, 0.6, 0.6]
		},
		"fixed": {
			"translation": [0, -3, -5],
			"scale": [0.7, 0.7, 0.7]
		}
	},
	"groups": [
		0,
		1,
		2,
		3,
		4,
		5,
		6,
		7,
		8,
		9,
		10,
		11,
		12,
		13,
		14,
		15,
		16,
		17,
		18,
		19,
		20,
		21,
		22,
		23,
		24,
		25,
		26,
		27,
		28,
		29,
		30,
		31,
		32,
		33,
		34,
		{
			"name": "group",
			"origin": [8, 8, 8],
			"color": 0,
			"children": [35, 36, 37, 38, 39, 40, 41, 42, 43, 44, 45, 46, 47]
		},
		48,
		49
	]
}