{
	"credit": "Made with Blockbench",
	"texture_size": [64, 64],
	"textures": {
		"0": "the_vault:block/treasure_doors/bomignite"
	},
	"elements": [
		{
			"from": [0, 0, 13],
			"to": [16, 32, 16],
			"faces": {
				"north": {"uv": [0.75, 0.75, 4.75, 8.75], "texture": "#0"},
				"east": {"uv": [0, 0.75, 0.75, 8.75], "texture": "#0"},
				"south": {"uv": [5.5, 0.75, 9.5, 8.75], "texture": "#0"},
				"west": {"uv": [4.75, 0.75, 5.5, 8.75], "texture": "#0"},
				"up": {"uv": [0.75, 0, 4.75, 0.75], "texture": "#0"},
				"down": {"uv": [4.75, 0, 8.75, 0.75], "texture": "#0"}
			}
		},
		{
			"from": [2, 0, 12],
			"to": [5, 32, 17],
			"faces": {
				"north": {"uv": [12.25, 1.25, 13, 9.25], "texture": "#0"},
				"east": {"uv": [13, 1.25, 14.25, 9.25], "texture": "#0"},
				"south": {"uv": [14.25, 1.25, 15, 9.25], "texture": "#0"},
				"west": {"uv": [13, 1.25, 14.25, 9.25], "texture": "#0"},
				"up": {"uv": [12.25, 0, 13, 1.25], "texture": "#0"},
				"down": {"uv": [13, 0, 13.75, 1.25], "texture": "#0"}
			}
		},
		{
			"from": [11, 0, 12],
			"to": [14, 32, 17],
			"faces": {
				"north": {"uv": [9.5, 1.25, 10.25, 9.25], "texture": "#0"},
				"east": {"uv": [10.25, 1.25, 11.5, 9.25], "texture": "#0"},
				"south": {"uv": [11.5, 1.25, 12.25, 9.25], "texture": "#0"},
				"west": {"uv": [10.25, 1.25, 11.5, 9.25], "texture": "#0"},
				"up": {"uv": [9.5, 0, 10.25, 1.25], "texture": "#0"},
				"down": {"uv": [10.25, 0, 11, 1.25], "texture": "#0"}
			}
		},
		{
			"from": [5, 13, 12],
			"to": [11, 19, 13],
			"faces": {
				"north": {"uv": [0, 9, 1.5, 10.5], "texture": "#0"},
				"east": {"uv": [1.5, 9, 1.75, 10.5], "texture": "#0"},
				"south": {"uv": [0, 9, 1.5, 10.5], "texture": "#0"},
				"west": {"uv": [1.5, 9, 1.75, 10.5], "texture": "#0"},
				"up": {"uv": [0, 8.75, 1.5, 9], "texture": "#0"},
				"down": {"uv": [0, 8.75, 1.5, 9], "texture": "#0"}
			}
		}
	],
	"display": {
		"thirdperson_righthand": {
			"translation": [0, 0, -1.5],
			"scale": [0.25, 0.25, 0.25]
		},
		"thirdperson_lefthand": {
			"translation": [0, 0, -1.5],
			"scale": [0.25, 0.25, 0.25]
		},
		"firstperson_righthand": {
			"rotation": [0, -90, 25],
			"translation": [1.13, 3.2, 1.13],
			"scale": [0.3, 0.3, 0.3]
		},
		"firstperson_lefthand": {
			"rotation": [0, -90, 25],
			"translation": [1.13, 3.2, 1.13],
			"scale": [0.3, 0.3, 0.3]
		},
		"ground": {
			"translation": [0, 3, -2],
			"scale": [0.25, 0.25, 0.25]
		},
		"gui": {
			"rotation": [30, 225, 0],
			"translation": [2.5, -4, 0],
			"scale": [0.5, 0.5, 0.5]
		},
		"head": {
			"rotation": [0, 180, 0],
			"translation": [0, 13, 7]
		},
		"fixed": {
			"translation": [0, -3.5, -3],
			"scale": [0.5, 0.5, 0.5]
		}
	}
}