{
	"credit": "Made with Blockbench",
	"texture_size": [64, 64],
	"textures": {
		"0": "the_vault:block/potion_modifier_discovery",
		"particle": "the_vault:block/potion_modifier_discovery_particle"
	},
	"elements": [
		{
			"from": [0, 10, 0],
			"to": [16, 14, 16],
			"faces": {
				"north": {"uv": [0, 4, 4, 5], "texture": "#0"},
				"east": {"uv": [0, 4, 4, 5], "texture": "#0"},
				"south": {"uv": [0, 4, 4, 5], "texture": "#0"},
				"west": {"uv": [0, 4, 4, 5], "texture": "#0"},
				"up": {"uv": [0, 0, 4, 4], "texture": "#0"},
				"down": {"uv": [0, 5, 4, 9], "texture": "#0"}
			}
		},
		{
			"from": [1, 0, 1],
			"to": [15, 4, 15],
			"faces": {
				"north": {"uv": [4, 3.5, 7.5, 4.5], "texture": "#0"},
				"east": {"uv": [4, 3.5, 7.5, 4.5], "texture": "#0"},
				"south": {"uv": [4, 3.5, 7.5, 4.5], "texture": "#0"},
				"west": {"uv": [4, 3.5, 7.5, 4.5], "texture": "#0"},
				"up": {"uv": [4, 0, 7.5, 3.5], "texture": "#0"},
				"down": {"uv": [4, 4.5, 7.5, 8], "texture": "#0"}
			}
		},
		{
			"from": [6, 4, 2],
			"to": [10, 5, 5],
			"faces": {
				"north": {"uv": [7.5, 2.75, 8.5, 3], "texture": "#0"},
				"east": {"uv": [8.5, 2.75, 9.25, 3], "texture": "#0"},
				"south": {"uv": [7.5, 2.75, 8.5, 3], "texture": "#0"},
				"west": {"uv": [8.5, 2.75, 9.25, 3], "texture": "#0"},
				"up": {"uv": [7.5, 3, 8.5, 3.75], "texture": "#0"},
				"down": {"uv": [7.5, 3, 8.5, 3.75], "texture": "#0"}
			}
		},
		{
			"from": [6, 5, 3],
			"to": [10, 9, 5],
			"faces": {
				"north": {"uv": [7.5, 1.25, 8.5, 2.25], "texture": "#0"},
				"east": {"uv": [8.5, 1.25, 9, 2.25], "texture": "#0"},
				"south": {"uv": [7.5, 1.25, 8.5, 2.25], "texture": "#0"},
				"west": {"uv": [8.5, 1.25, 9, 2.25], "texture": "#0"},
				"up": {"uv": [7.5, 2.25, 8.5, 2.75], "texture": "#0"},
				"down": {"uv": [7.5, 2.25, 8.5, 2.75], "texture": "#0"}
			}
		},
		{
			"from": [6, 9, 1],
			"to": [10, 10, 5],
			"faces": {
				"north": {"uv": [7.5, 0, 8.5, 0.25], "texture": "#0"},
				"east": {"uv": [8.5, 0, 9.5, 0.25], "texture": "#0"},
				"south": {"uv": [7.5, 0, 8.5, 0.25], "texture": "#0"},
				"west": {"uv": [8.5, 0, 9.5, 0.25], "texture": "#0"},
				"up": {"uv": [7.5, 0.25, 8.5, 1.25], "texture": "#0"},
				"down": {"uv": [7.5, 0.25, 8.5, 1.25], "texture": "#0"}
			}
		},
		{
			"from": [1, 9, 6],
			"to": [5, 10, 10],
			"faces": {
				"north": {"uv": [8.5, 0, 9.5, 0.25], "texture": "#0"},
				"east": {"uv": [7.5, 0, 8.5, 0.25], "texture": "#0"},
				"south": {"uv": [8.5, 0, 9.5, 0.25], "texture": "#0"},
				"west": {"uv": [7.5, 0, 8.5, 0.25], "texture": "#0"},
				"up": {"uv": [7.5, 0.25, 8.5, 1.25], "rotation": 270, "texture": "#0"},
				"down": {"uv": [7.5, 0.25, 8.5, 1.25], "rotation": 90, "texture": "#0"}
			}
		},
		{
			"from": [3, 5, 6],
			"to": [5, 9, 10],
			"faces": {
				"north": {"uv": [8.5, 1.25, 9, 2.25], "texture": "#0"},
				"east": {"uv": [7.5, 1.25, 8.5, 2.25], "texture": "#0"},
				"south": {"uv": [8.5, 1.25, 9, 2.25], "texture": "#0"},
				"west": {"uv": [7.5, 1.25, 8.5, 2.25], "texture": "#0"},
				"up": {"uv": [7.5, 2.25, 8.5, 2.75], "rotation": 270, "texture": "#0"},
				"down": {"uv": [7.5, 2.25, 8.5, 2.75], "rotation": 90, "texture": "#0"}
			}
		},
		{
			"from": [2, 4, 6],
			"to": [5, 5, 10],
			"faces": {
				"north": {"uv": [8.5, 2.75, 9.25, 3], "texture": "#0"},
				"east": {"uv": [7.5, 2.75, 8.5, 3], "texture": "#0"},
				"south": {"uv": [8.5, 2.75, 9.25, 3], "texture": "#0"},
				"west": {"uv": [7.5, 2.75, 8.5, 3], "texture": "#0"},
				"up": {"uv": [7.5, 3, 8.5, 3.75], "rotation": 270, "texture": "#0"},
				"down": {"uv": [7.5, 3, 8.5, 3.75], "rotation": 90, "texture": "#0"}
			}
		},
		{
			"from": [11, 9, 6],
			"to": [15, 10, 10],
			"faces": {
				"north": {"uv": [8.5, 0, 9.5, 0.25], "texture": "#0"},
				"east": {"uv": [7.5, 0, 8.5, 0.25], "texture": "#0"},
				"south": {"uv": [8.5, 0, 9.5, 0.25], "texture": "#0"},
				"west": {"uv": [7.5, 0, 8.5, 0.25], "texture": "#0"},
				"up": {"uv": [7.5, 0.25, 8.5, 1.25], "rotation": 90, "texture": "#0"},
				"down": {"uv": [7.5, 0.25, 8.5, 1.25], "rotation": 270, "texture": "#0"}
			}
		},
		{
			"from": [11, 5, 6],
			"to": [13, 9, 10],
			"faces": {
				"north": {"uv": [8.5, 1.25, 9, 2.25], "texture": "#0"},
				"east": {"uv": [7.5, 1.25, 8.5, 2.25], "texture": "#0"},
				"south": {"uv": [8.5, 1.25, 9, 2.25], "texture": "#0"},
				"west": {"uv": [7.5, 1.25, 8.5, 2.25], "texture": "#0"},
				"up": {"uv": [7.5, 2.25, 8.5, 2.75], "rotation": 90, "texture": "#0"},
				"down": {"uv": [7.5, 2.25, 8.5, 2.75], "rotation": 270, "texture": "#0"}
			}
		},
		{
			"from": [11, 4, 6],
			"to": [14, 5, 10],
			"faces": {
				"north": {"uv": [8.5, 2.75, 9.25, 3], "texture": "#0"},
				"east": {"uv": [7.5, 2.75, 8.5, 3], "texture": "#0"},
				"south": {"uv": [8.5, 2.75, 9.25, 3], "texture": "#0"},
				"west": {"uv": [7.5, 2.75, 8.5, 3], "texture": "#0"},
				"up": {"uv": [7.5, 3, 8.5, 3.75], "rotation": 90, "texture": "#0"},
				"down": {"uv": [7.5, 3, 8.5, 3.75], "rotation": 270, "texture": "#0"}
			}
		},
		{
			"from": [6, 9, 11],
			"to": [10, 10, 15],
			"faces": {
				"north": {"uv": [7.5, 0, 8.5, 0.25], "texture": "#0"},
				"east": {"uv": [8.5, 0, 9.5, 0.25], "texture": "#0"},
				"south": {"uv": [7.5, 0, 8.5, 0.25], "texture": "#0"},
				"west": {"uv": [8.5, 0, 9.5, 0.25], "texture": "#0"},
				"up": {"uv": [7.5, 0.25, 8.5, 1.25], "rotation": 180, "texture": "#0"},
				"down": {"uv": [7.5, 0.25, 8.5, 1.25], "rotation": 180, "texture": "#0"}
			}
		},
		{
			"from": [6, 5, 11],
			"to": [10, 9, 13],
			"faces": {
				"north": {"uv": [7.5, 1.25, 8.5, 2.25], "texture": "#0"},
				"east": {"uv": [8.5, 1.25, 9, 2.25], "texture": "#0"},
				"south": {"uv": [7.5, 1.25, 8.5, 2.25], "texture": "#0"},
				"west": {"uv": [8.5, 1.25, 9, 2.25], "texture": "#0"},
				"up": {"uv": [7.5, 2.25, 8.5, 2.75], "rotation": 180, "texture": "#0"},
				"down": {"uv": [7.5, 2.25, 8.5, 2.75], "rotation": 180, "texture": "#0"}
			}
		},
		{
			"from": [6, 4, 11],
			"to": [10, 5, 14],
			"faces": {
				"north": {"uv": [7.5, 2.75, 8.5, 3], "texture": "#0"},
				"east": {"uv": [8.5, 2.75, 9.25, 3], "texture": "#0"},
				"south": {"uv": [7.5, 2.75, 8.5, 3], "texture": "#0"},
				"west": {"uv": [8.5, 2.75, 9.25, 3], "texture": "#0"},
				"up": {"uv": [7.5, 3, 8.5, 3.75], "rotation": 180, "texture": "#0"},
				"down": {"uv": [7.5, 3, 8.5, 3.75], "rotation": 180, "texture": "#0"}
			}
		},
		{
			"from": [1, 14, 0],
			"to": [4, 17, 3],
			"faces": {
				"north": {"uv": [7.5, 3.75, 8.25, 4.5], "texture": "#0"},
				"east": {"uv": [7.5, 3.75, 8.25, 4.5], "texture": "#0"},
				"south": {"uv": [7.5, 3.75, 8.25, 4.5], "texture": "#0"},
				"west": {"uv": [7.5, 3.75, 8.25, 4.5], "texture": "#0"},
				"up": {"uv": [7.5, 3.75, 8.25, 4.5], "texture": "#0"},
				"down": {"uv": [7.5, 3.75, 8.25, 4.5], "texture": "#0"}
			}
		},
		{
			"from": [1.5, 16.75, 0.5],
			"to": [3.5, 17.75, 2.5],
			"faces": {
				"north": {"uv": [7.5, 3.75, 8, 4], "texture": "#0"},
				"east": {"uv": [7.5, 3.75, 8, 4], "texture": "#0"},
				"south": {"uv": [7.5, 3.75, 8, 4], "texture": "#0"},
				"west": {"uv": [7.5, 3.75, 8, 4], "texture": "#0"},
				"up": {"uv": [7.5, 3.75, 8, 4.25], "texture": "#0"},
				"down": {"uv": [7.5, 3.75, 8, 4.25], "texture": "#0"}
			}
		},
		{
			"from": [2, 17.25, 1],
			"to": [3, 18.25, 2],
			"faces": {
				"north": {"uv": [8.25, 3.75, 8.5, 4], "texture": "#0"},
				"east": {"uv": [8.25, 3.75, 8.5, 4], "texture": "#0"},
				"south": {"uv": [8.25, 3.75, 8.5, 4], "texture": "#0"},
				"west": {"uv": [8.25, 3.75, 8.5, 4], "texture": "#0"},
				"up": {"uv": [8.25, 3.75, 8.5, 4], "texture": "#0"},
				"down": {"uv": [8.25, 3.75, 8.5, 4], "texture": "#0"}
			}
		},
		{
			"from": [13, 17.25, 13],
			"to": [14, 18.25, 14],
			"faces": {
				"north": {"uv": [8.25, 3.75, 8.5, 4], "texture": "#0"},
				"east": {"uv": [8.25, 3.75, 8.5, 4], "texture": "#0"},
				"south": {"uv": [8.25, 3.75, 8.5, 4], "texture": "#0"},
				"west": {"uv": [8.25, 3.75, 8.5, 4], "texture": "#0"},
				"up": {"uv": [8.25, 3.75, 8.5, 4], "texture": "#0"},
				"down": {"uv": [8.25, 3.75, 8.5, 4], "texture": "#0"}
			}
		},
		{
			"from": [12, 14, 12],
			"to": [15, 17, 15],
			"faces": {
				"north": {"uv": [7.5, 3.75, 8.25, 4.5], "texture": "#0"},
				"east": {"uv": [7.5, 3.75, 8.25, 4.5], "texture": "#0"},
				"south": {"uv": [7.5, 3.75, 8.25, 4.5], "texture": "#0"},
				"west": {"uv": [7.5, 3.75, 8.25, 4.5], "texture": "#0"},
				"up": {"uv": [7.5, 3.75, 8.25, 4.5], "texture": "#0"},
				"down": {"uv": [7.5, 3.75, 8.25, 4.5], "texture": "#0"}
			}
		},
		{
			"from": [12.5, 16.75, 12.5],
			"to": [14.5, 17.75, 14.5],
			"faces": {
				"north": {"uv": [7.5, 3.75, 8, 4], "texture": "#0"},
				"east": {"uv": [7.5, 3.75, 8, 4], "texture": "#0"},
				"south": {"uv": [7.5, 3.75, 8, 4], "texture": "#0"},
				"west": {"uv": [7.5, 3.75, 8, 4], "texture": "#0"},
				"up": {"uv": [7.5, 3.75, 8, 4.25], "texture": "#0"},
				"down": {"uv": [7.5, 3.75, 8, 4.25], "texture": "#0"}
			}
		},
		{
			"from": [0, 14, 6],
			"to": [3, 16, 13],
			"faces": {
				"north": {"uv": [4.5, 9.75, 5.25, 10.25], "texture": "#0"},
				"east": {"uv": [5.25, 8, 5.75, 9.75], "rotation": 90, "texture": "#0"},
				"south": {"uv": [4.5, 9.75, 5.25, 10.25], "texture": "#0"},
				"west": {"uv": [5.25, 8, 5.75, 9.75], "rotation": 90, "texture": "#0"},
				"up": {"uv": [4.5, 8, 5.25, 9.75], "rotation": 180, "texture": "#0"},
				"down": {"uv": [4.5, 8, 5.25, 9.75], "texture": "#0"}
			}
		},
		{
			"from": [0, 14, 13],
			"to": [10, 16, 16],
			"faces": {
				"north": {"uv": [0, 9.75, 4, 10.25], "texture": "#0"},
				"east": {"uv": [2.5, 10.25, 3, 11], "rotation": 90, "texture": "#0"},
				"south": {"uv": [0, 11, 2.5, 11.5], "texture": "#0"},
				"west": {"uv": [2.5, 10.25, 3, 11], "rotation": 90, "texture": "#0"},
				"up": {"uv": [0, 10.25, 2.5, 11], "rotation": 180, "texture": "#0"},
				"down": {"uv": [0, 10.25, 2.5, 11], "texture": "#0"}
			}
		}
	],
	"display": {
		"thirdperson_righthand": {
			"rotation": [75, 45, 0],
			"translation": [0, 2.5, 0],
			"scale": [0.375, 0.375, 0.375]
		},
		"firstperson_righthand": {
			"rotation": [0, 45, 0],
			"scale": [0.4, 0.4, 0.4]
		},
		"ground": {
			"translation": [0, 3, 0],
			"scale": [0.25, 0.25, 0.25]
		},
		"gui": {
			"rotation": [30, 225, 0],
			"scale": [0.625, 0.625, 0.625]
		},
		"fixed": {
			"scale": [0.5, 0.5, 0.5]
		}
	}
}