{
	"credit": "Made with Blockbench",
	"parent": "minecraft:block/cube_all",
	"texture_size": [32, 32],
	"textures": {
		"1": "the_vault:block/animal_jar"
	},
	"elements": [
		{
			"from": [5.5, 13, 5.5],
			"to": [10.5, 15, 10.5],
			"rotation": {"angle": 0, "axis": "z", "origin": [8, 0.5, 8]},
			"faces": {
				"north": {"uv": [4, 8, 6.5, 9], "texture": "#1"},
				"east": {"uv": [4, 8, 6.5, 9], "texture": "#1"},
				"south": {"uv": [4, 8, 6.5, 9], "texture": "#1"},
				"west": {"uv": [4, 8, 6.5, 9], "texture": "#1"},
				"up": {"uv": [6.5, 8, 4, 5.5], "texture": "#1"},
				"down": {"uv": [6.5, 5.5, 4, 8], "texture": "#1"}
			}
		},
		{
			"from": [4.5, 12, 10.5],
			"to": [11.5, 14, 11.5],
			"rotation": {"angle": 0, "axis": "z", "origin": [8, 0.5, 8]},
			"faces": {
				"north": {"uv": [7.5, 0, 11, 1], "texture": "#1"},
				"east": {"uv": [4, 0.5, 4.5, 1.5], "texture": "#1"},
				"south": {"uv": [4, 0.5, 7.5, 1.5], "texture": "#1"},
				"west": {"uv": [7, 0.5, 7.5, 1.5], "texture": "#1"},
				"up": {"uv": [7.5, 0.5, 4, 0], "texture": "#1"},
				"down": {"uv": [7.5, 1.5, 4, 2], "texture": "#1"}
			}
		},
		{
			"from": [4.5, 12, 4.5],
			"to": [11.5, 14, 5.5],
			"rotation": {"angle": 0, "axis": "y", "origin": [8, 0.5, 8]},
			"faces": {
				"north": {"uv": [7.5, 0.5, 4, 1.5], "texture": "#1"},
				"east": {"uv": [7, 0.5, 7.5, 1.5], "texture": "#1"},
				"south": {"uv": [7.5, 0, 11, 1], "texture": "#1"},
				"west": {"uv": [4, 0.5, 4.5, 1.5], "texture": "#1"},
				"up": {"uv": [7.5, 0.5, 4, 0], "texture": "#1"},
				"down": {"uv": [7.5, 1.5, 4, 2], "texture": "#1"}
			}
		},
		{
			"from": [4.5, 12, 5.5],
			"to": [5.5, 14, 10.5],
			"rotation": {"angle": 0, "axis": "z", "origin": [8, 0.5, 8]},
			"faces": {
				"north": {"uv": [4, 0.5, 4.5, 1.5], "texture": "#1"},
				"east": {"uv": [4.5, 0.5, 7, 1.5], "texture": "#1"},
				"south": {"uv": [7.5, 0.5, 7, 1.5], "texture": "#1"},
				"west": {"uv": [4.5, 0.5, 7, 1.5], "texture": "#1"},
				"up": {"uv": [7, 0.5, 4.5, 0], "rotation": 90, "texture": "#1"},
				"down": {"uv": [4.5, 2, 7, 1.5], "rotation": 90, "texture": "#1"}
			}
		},
		{
			"from": [10.5, 12, 5.5],
			"to": [11.5, 14, 10.5],
			"rotation": {"angle": 0, "axis": "z", "origin": [8, 0.5, 8]},
			"faces": {
				"north": {"uv": [7.5, 1, 8, 2], "texture": "#1"},
				"east": {"uv": [4.5, 0.5, 7, 1.5], "texture": "#1"},
				"south": {"uv": [7.5, 1, 8, 2], "texture": "#1"},
				"west": {"uv": [4.5, 0.5, 7, 1.5], "texture": "#1"},
				"up": {"uv": [7, 0.5, 4.5, 0], "rotation": 90, "texture": "#1"},
				"down": {"uv": [4.5, 2, 7, 1.5], "rotation": 90, "texture": "#1"}
			}
		},
		{
			"from": [4, 0, 4],
			"to": [12, 11, 12],
			"rotation": {"angle": 0, "axis": "z", "origin": [0, 16, 0]},
			"faces": {
				"north": {"uv": [0, 4, 4, 9.5], "texture": "#1"},
				"east": {"uv": [0, 4, 4, 9.5], "texture": "#1"},
				"south": {"uv": [0, 4, 4, 9.5], "texture": "#1"},
				"west": {"uv": [0, 4, 4, 9.5], "texture": "#1"},
				"up": {"uv": [4, 4, 0, 0], "texture": "#1"},
				"down": {"uv": [4, 9.5, 0, 13.5], "texture": "#1"}
			}
		},
		{
			"from": [5, 11, 5],
			"to": [11, 12, 11],
			"rotation": {"angle": 0, "axis": "z", "origin": [0, 16, 0]},
			"faces": {
				"north": {"uv": [4, 5, 7, 5.5], "texture": "#1"},
				"east": {"uv": [4, 5, 7, 5.5], "texture": "#1"},
				"south": {"uv": [4, 5, 7, 5.5], "texture": "#1"},
				"west": {"uv": [4, 5, 7, 5.5], "texture": "#1"},
				"up": {"uv": [7, 5, 4, 2], "texture": "#1"},
				"down": {"uv": [7, 2, 4, 5], "texture": "#1"}
			}
		}
	],
	"display": {
		"thirdperson_righthand": {
			"rotation": [75, 45, 0],
			"translation": [0, 2.5, 0],
			"scale": [0.475, 0.475, 0.475]
		},
		"thirdperson_lefthand": {
			"rotation": [75, 45, 0],
			"translation": [0, 2.5, 0],
			"scale": [0.475, 0.475, 0.475]
		},
		"firstperson_righthand": {
			"rotation": [0, 122, 0],
			"translation": [0, 1.75, 0],
			"scale": [0.5, 0.5, 0.5]
		},
		"firstperson_lefthand": {
			"rotation": [0, 122, 0],
			"translation": [0, 1.75, 0],
			"scale": [0.5, 0.5, 0.5]
		},
		"ground": {
			"translation": [0, 3, 0],
			"scale": [0.4, 0.4, 0.4]
		},
		"gui": {
			"rotation": [30, 225, 0],
			"scale": [0.725, 0.725, 0.725]
		},
		"head": {
			"translation": [-0.25, 14.25, 0]
		},
		"fixed": {
			"scale": [0.75, 0.75, 0.75]
		}
	}
}