{
  "credit": "Made with Blockbench",
  "texture_size": [
    64,
    64
  ],
  "display": {
    "thirdperson_righthand": {
      "rotation": [
        80,
        0,
        0
      ],
      "translation": [
        0,
        1.75,
        2.5
      ],
      "scale": [
        0.35,
        0.35,
        0.35
      ]
    },
    "thirdperson_lefthand": {
      "rotation": [
        80,
        0,
        0
      ],
      "translation": [
        0,
        1.75,
        2.5
      ],
      "scale": [
        0.35,
        0.35,
        0.35
      ]
    },
    "firstperson_righthand": {
      "rotation": [
        -20,
        0,
        0
      ],
      "translation": [
        0,
        4.5,
        2.5
      ],
      "scale": [
        0.3,
        0.3,
        0.3
      ]
    },
    "firstperson_lefthand": {
      "rotation": [
        -20,
        0,
        0
      ],
      "translation": [
        0,
        4.5,
        2.5
      ],
      "scale": [
        0.3,
        0.3,
        0.3
      ]
    },
    "ground": {
      "translation": [
        0,
        0.75,
        0
      ],
      "scale": [
        0.25,
        0.25,
        0.25
      ]
    },
    "gui": {
      "rotation": [
        30,
        225,
        0
      ],
      "translation": [
        0,
        0.75,
        0
      ],
      "scale": [
        0.8,
        0.8,
        0.8
      ]
    },
    "head": {
      "translation": [
        0,
        12.5,
        0
      ]
    },
    "fixed": {
      "rotation": [
        -90,
        0,
        0
      ],
      "translation": [
        0,
        0,
        -16
      ],
      "scale": [
        2,
        2,
        2
      ]
    }
  },
  "parent": "builtin/entity",
  "textures": {
    "particle": "the_vault:block/card_binder"
  }
}