{
	"credit": "Made with Blockbench",
	"texture_size": [64, 64],
	"textures": {
		"0": "the_vault:block/inscription_table",
		"particle": "the_vault:block/inscription_table"
	},
	"elements": [
		{
			"from": [1, 0, 1],
			"to": [15, 4, 15],
			"faces": {
				"north": {"uv": [9.5, 3.5, 13, 4.5], "texture": "#0"},
				"east": {"uv": [9.5, 3.5, 13, 4.5], "texture": "#0"},
				"south": {"uv": [9.5, 3.5, 13, 4.5], "texture": "#0"},
				"west": {"uv": [9.5, 3.5, 13, 4.5], "texture": "#0"},
				"up": {"uv": [9.5, 0, 13, 3.5], "texture": "#0"},
				"down": {"uv": [9.5, 4.5, 13, 8], "texture": "#0"}
			}
		},
		{
			"from": [6, 4, 6],
			"to": [10, 8, 10],
			"faces": {
				"north": {"uv": [2.5, 7, 3.5, 8], "texture": "#0"},
				"east": {"uv": [2.5, 7, 3.5, 8], "texture": "#0"},
				"south": {"uv": [2.5, 7, 3.5, 8], "texture": "#0"},
				"west": {"uv": [2.5, 7, 3.5, 8], "texture": "#0"},
				"up": {"uv": [2.5, 6, 3.5, 7], "texture": "#0"},
				"down": {"uv": [2.5, 6, 3.5, 7], "texture": "#0"}
			}
		},
		{
			"from": [4, 8, 4],
			"to": [12, 10, 12],
			"faces": {
				"north": {"uv": [2.5, 5.5, 4.5, 6], "texture": "#0"},
				"east": {"uv": [2.5, 5.5, 4.5, 6], "texture": "#0"},
				"south": {"uv": [2.5, 5.5, 4.5, 6], "texture": "#0"},
				"west": {"uv": [2.5, 5.5, 4.5, 6], "texture": "#0"},
				"up": {"uv": [2.5, 3.5, 4.5, 5.5], "texture": "#0"},
				"down": {"uv": [2.5, 3.5, 4.5, 5.5], "texture": "#0"}
			}
		},
		{
			"from": [3, 10, 0],
			"to": [13, 14, 14],
			"faces": {
				"north": {"uv": [0, 3.5, 2.5, 4.5], "texture": "#0"},
				"east": {"uv": [2.5, 0, 3.5, 3.5], "rotation": 90, "texture": "#0"},
				"south": {"uv": [0, 3.5, 2.5, 4.5], "texture": "#0"},
				"west": {"uv": [3.5, 0, 4.5, 3.5], "rotation": 270, "texture": "#0"},
				"up": {"uv": [0, 0, 2.5, 3.5], "texture": "#0"},
				"down": {"uv": [0, 4.5, 2.5, 8], "texture": "#0"}
			}
		},
		{
			"from": [1, 10, 1],
			"to": [15, 13, 15],
			"faces": {
				"north": {"uv": [4.5, 3.5, 8, 4.25], "texture": "#0"},
				"east": {"uv": [3.75, 0, 4.5, 3.5], "rotation": 270, "texture": "#0"},
				"south": {"uv": [4.5, 3.5, 8, 4.25], "texture": "#0"},
				"west": {"uv": [8, 0, 8.75, 3.5], "rotation": 90, "texture": "#0"},
				"up": {"uv": [4.5, 0, 8, 3.5], "rotation": 180, "texture": "#0"},
				"down": {"uv": [4.5, 4.25, 8, 7.75], "texture": "#0"}
			}
		},
		{
			"from": [0, 9, 12],
			"to": [4, 16, 16],
			"faces": {
				"north": {"uv": [0, 11.25, 1, 13], "texture": "#0"},
				"east": {"uv": [0, 8.75, 1, 10.5], "texture": "#0"},
				"south": {"uv": [0, 8.75, 1, 10.5], "texture": "#0"},
				"west": {"uv": [0, 8.75, 1, 10.5], "texture": "#0"},
				"up": {"uv": [5, 8, 6, 9], "texture": "#0"},
				"down": {"uv": [6, 8, 7, 9], "texture": "#0"}
			}
		},
		{
			"from": [4, 9, 12],
			"to": [8, 18, 16],
			"faces": {
				"north": {"uv": [1, 10.75, 2, 13], "texture": "#0"},
				"east": {"uv": [1, 8.25, 2, 10.5], "texture": "#0"},
				"south": {"uv": [1, 8.25, 2, 10.5], "texture": "#0"},
				"west": {"uv": [1, 8.25, 2, 10.5], "texture": "#0"},
				"up": {"uv": [5, 8, 6, 9], "texture": "#0"},
				"down": {"uv": [6, 8, 7, 9], "texture": "#0"}
			}
		},
		{
			"from": [8, 9, 12],
			"to": [12, 19, 16],
			"faces": {
				"north": {"uv": [2, 10.5, 3, 13], "texture": "#0"},
				"east": {"uv": [2, 8, 3, 10.5], "texture": "#0"},
				"south": {"uv": [2, 8, 3, 10.5], "texture": "#0"},
				"west": {"uv": [2, 8, 3, 10.5], "texture": "#0"},
				"up": {"uv": [5, 8, 6, 9], "texture": "#0"},
				"down": {"uv": [6, 8, 7, 9], "texture": "#0"}
			}
		},
		{
			"from": [12, 9, 12],
			"to": [16, 17, 16],
			"faces": {
				"north": {"uv": [3, 11, 4, 13], "texture": "#0"},
				"east": {"uv": [3, 8.5, 4, 10.5], "texture": "#0"},
				"south": {"uv": [3, 8.5, 4, 10.5], "texture": "#0"},
				"west": {"uv": [3, 8.5, 4, 10.5], "texture": "#0"},
				"up": {"uv": [5, 8, 6, 9], "texture": "#0"},
				"down": {"uv": [6, 8, 7, 9], "texture": "#0"}
			}
		},
		{
			"from": [12, 9, 0],
			"to": [16, 17, 4],
			"faces": {
				"north": {"uv": [4, 8.5, 5, 10.5], "texture": "#0"},
				"east": {"uv": [4, 8.5, 5, 10.5], "texture": "#0"},
				"south": {"uv": [4, 11, 5, 13], "texture": "#0"},
				"west": {"uv": [4, 11, 5, 13], "texture": "#0"},
				"up": {"uv": [5, 8, 6, 9], "texture": "#0"},
				"down": {"uv": [6, 8, 7, 9], "texture": "#0"}
			}
		}
	],
	"display": {
		"thirdperson_righthand": {
			"rotation": [75, 45, 0],
			"translation": [0, 2.5, 0],
			"scale": [0.375, 0.375, 0.375]
		},
		"firstperson_righthand": {
			"rotation": [0, 45, 0],
			"scale": [0.4, 0.4, 0.4]
		},
		"ground": {
			"scale": [0.25, 0.25, 0.25]
		},
		"gui": {
			"rotation": [30, 225, 0],
			"scale": [0.625, 0.625, 0.625]
		},
		"head": {
			"translation": [0, -1.5, 0]
		},
		"fixed": {
			"scale": [0.5, 0.5, 0.5]
		}
	}
}