{
	"credit": "Made with Blockbench",
	"texture_size": [64, 64],
	"textures": {
		"0": "the_vault:block/modifier_workbench",
		"particle": "the_vault:block/modifier_workbench"
	},
	"elements": [
		{
			"from": [0, 0, 0],
			"to": [16, 2, 16],
			"faces": {
				"north": {"uv": [4, 4, 8, 4.5], "texture": "#0"},
				"east": {"uv": [4, 4, 8, 4.5], "texture": "#0"},
				"south": {"uv": [4, 4, 8, 4.5], "texture": "#0"},
				"west": {"uv": [4, 4, 8, 4.5], "texture": "#0"},
				"up": {"uv": [4, 0, 8, 4], "texture": "#0"},
				"down": {"uv": [4, 0, 8, 4], "texture": "#0"}
			}
		},
		{
			"from": [0, 9, 0],
			"to": [16, 13, 16],
			"faces": {
				"north": {"uv": [0, 4, 4, 5], "texture": "#0"},
				"east": {"uv": [0, 4, 4, 5], "texture": "#0"},
				"south": {"uv": [0, 4, 4, 5], "texture": "#0"},
				"west": {"uv": [0, 4, 4, 5], "texture": "#0"},
				"up": {"uv": [0, 0, 4, 4], "rotation": 180, "texture": "#0"},
				"down": {"uv": [0, 5, 4, 9], "texture": "#0"}
			}
		},
		{
			"from": [3, 2, 3],
			"to": [13, 9, 13],
			"faces": {
				"north": {"uv": [8, 1.75, 10.5, 3.5], "texture": "#0"},
				"east": {"uv": [8, 0, 10.5, 1.75], "texture": "#0"},
				"south": {"uv": [8, 0, 10.5, 1.75], "texture": "#0"},
				"west": {"uv": [8, 0, 10.5, 1.75], "texture": "#0"},
				"up": {"uv": [10.5, 0, 13, 2.5], "texture": "#0"},
				"down": {"uv": [10.5, 0, 13, 2.5], "texture": "#0"}
			}
		},
		{
			"from": [3, 7, 2],
			"to": [8, 9, 3],
			"faces": {
				"north": {"uv": [4, 5, 5.25, 5.5], "texture": "#0"},
				"east": {"uv": [4, 5, 4.25, 5.5], "texture": "#0"},
				"south": {"uv": [4, 5, 5.25, 5.5], "texture": "#0"},
				"west": {"uv": [5, 5, 5.25, 5.5], "texture": "#0"},
				"up": {"uv": [4, 5, 5.25, 5.25], "texture": "#0"},
				"down": {"uv": [4, 5.25, 5.25, 5.5], "texture": "#0"}
			}
		},
		{
			"from": [4, 5, 1],
			"to": [7, 6, 3],
			"faces": {
				"north": {"uv": [4, 4.5, 4.75, 4.75], "texture": "#0"},
				"east": {"uv": [4.25, 4.5, 4.75, 4.75], "texture": "#0"},
				"south": {"uv": [4, 4.5, 4.75, 4.75], "texture": "#0"},
				"west": {"uv": [4.25, 4.5, 4.75, 4.75], "texture": "#0"},
				"up": {"uv": [4.75, 4.5, 5.5, 5], "rotation": 180, "texture": "#0"},
				"down": {"uv": [4, 4.5, 4.75, 5], "rotation": 180, "texture": "#0"}
			}
		},
		{
			"from": [5, 1, 2],
			"to": [6, 7, 3],
			"faces": {
				"north": {"uv": [4.5, 5.5, 4.75, 7], "texture": "#0"},
				"east": {"uv": [4.5, 5.5, 4.75, 7], "texture": "#0"},
				"south": {"uv": [4.5, 5.5, 4.75, 7], "texture": "#0"},
				"west": {"uv": [4.5, 5.5, 4.75, 7], "texture": "#0"},
				"up": {"uv": [4.5, 5.5, 4.75, 5.75], "texture": "#0"},
				"down": {"uv": [4.5, 5.5, 4.75, 5.75], "texture": "#0"}
			}
		},
		{
			"from": [12, 13, 3],
			"to": [14, 15, 5],
			"faces": {
				"north": {"uv": [8.5, 4.25, 9, 4.75], "texture": "#0"},
				"east": {"uv": [8, 4.25, 8.5, 4.75], "texture": "#0"},
				"south": {"uv": [8.5, 4.25, 9, 4.75], "texture": "#0"},
				"west": {"uv": [8.5, 4.25, 9, 4.75], "texture": "#0"},
				"up": {"uv": [8.5, 4.25, 9, 4.75], "texture": "#0"},
				"down": {"uv": [8.5, 4.25, 9, 4.75], "texture": "#0"}
			}
		},
		{
			"from": [10, 15, 3],
			"to": [14, 16, 5],
			"faces": {
				"north": {"uv": [8, 4, 9, 4.25], "texture": "#0"},
				"east": {"uv": [9.25, 3.5, 9.5, 4], "rotation": 90, "texture": "#0"},
				"south": {"uv": [8, 4, 9, 4.25], "texture": "#0"},
				"west": {"uv": [9, 3.5, 9.25, 4], "rotation": 90, "texture": "#0"},
				"up": {"uv": [8, 3.5, 9, 4], "rotation": 180, "texture": "#0"},
				"down": {"uv": [9.5, 3.5, 10.5, 4], "texture": "#0"}
			}
		},
		{
			"from": [10, 15, 7],
			"to": [14, 16, 9],
			"faces": {
				"north": {"uv": [8, 4, 9, 4.25], "texture": "#0"},
				"east": {"uv": [9.25, 3.5, 9.5, 4], "rotation": 90, "texture": "#0"},
				"south": {"uv": [8, 4, 9, 4.25], "texture": "#0"},
				"west": {"uv": [9, 3.5, 9.25, 4], "rotation": 90, "texture": "#0"},
				"up": {"uv": [8, 3.5, 9, 4], "rotation": 180, "texture": "#0"},
				"down": {"uv": [9.5, 3.5, 10.5, 4], "texture": "#0"}
			}
		},
		{
			"from": [12, 13, 7],
			"to": [14, 15, 9],
			"faces": {
				"north": {"uv": [8.5, 4.25, 9, 4.75], "texture": "#0"},
				"east": {"uv": [8, 4.25, 8.5, 4.75], "texture": "#0"},
				"south": {"uv": [8.5, 4.25, 9, 4.75], "texture": "#0"},
				"west": {"uv": [8.5, 4.25, 9, 4.75], "texture": "#0"},
				"up": {"uv": [8.5, 4.25, 9, 4.75], "texture": "#0"},
				"down": {"uv": [8.5, 4.25, 9, 4.75], "texture": "#0"}
			}
		},
		{
			"from": [10, 15, 11],
			"to": [14, 16, 13],
			"faces": {
				"north": {"uv": [8, 4, 9, 4.25], "texture": "#0"},
				"east": {"uv": [9.25, 3.5, 9.5, 4], "rotation": 90, "texture": "#0"},
				"south": {"uv": [8, 4, 9, 4.25], "texture": "#0"},
				"west": {"uv": [9, 3.5, 9.25, 4], "rotation": 90, "texture": "#0"},
				"up": {"uv": [8, 3.5, 9, 4], "rotation": 180, "texture": "#0"},
				"down": {"uv": [9.5, 3.5, 10.5, 4], "texture": "#0"}
			}
		},
		{
			"from": [12, 13, 11],
			"to": [14, 15, 13],
			"faces": {
				"north": {"uv": [8.5, 4.25, 9, 4.75], "texture": "#0"},
				"east": {"uv": [8, 4.25, 8.5, 4.75], "texture": "#0"},
				"south": {"uv": [8.5, 4.25, 9, 4.75], "texture": "#0"},
				"west": {"uv": [8.5, 4.25, 9, 4.75], "texture": "#0"},
				"up": {"uv": [8.5, 4.25, 9, 4.75], "texture": "#0"},
				"down": {"uv": [8.5, 4.25, 9, 4.75], "texture": "#0"}
			}
		},
		{
			"from": [2, 13, 11],
			"to": [4, 15, 13],
			"faces": {
				"north": {"uv": [8.5, 4.25, 9, 4.75], "texture": "#0"},
				"east": {"uv": [8.5, 4.25, 9, 4.75], "texture": "#0"},
				"south": {"uv": [8.5, 4.25, 9, 4.75], "texture": "#0"},
				"west": {"uv": [8, 4.25, 8.5, 4.75], "texture": "#0"},
				"up": {"uv": [8.5, 4.25, 9, 4.75], "texture": "#0"},
				"down": {"uv": [8.5, 4.25, 9, 4.75], "texture": "#0"}
			}
		},
		{
			"from": [2, 15, 11],
			"to": [6, 16, 13],
			"faces": {
				"north": {"uv": [8, 4, 9, 4.25], "texture": "#0"},
				"east": {"uv": [9, 3.5, 9.25, 4], "rotation": 90, "texture": "#0"},
				"south": {"uv": [8, 4, 9, 4.25], "texture": "#0"},
				"west": {"uv": [9.25, 3.5, 9.5, 4], "rotation": 90, "texture": "#0"},
				"up": {"uv": [8, 3.5, 9, 4], "rotation": 180, "texture": "#0"},
				"down": {"uv": [9.5, 3.5, 10.5, 4], "texture": "#0"}
			}
		},
		{
			"from": [2, 13, 7],
			"to": [4, 15, 9],
			"faces": {
				"north": {"uv": [8.5, 4.25, 9, 4.75], "texture": "#0"},
				"east": {"uv": [8.5, 4.25, 9, 4.75], "texture": "#0"},
				"south": {"uv": [8.5, 4.25, 9, 4.75], "texture": "#0"},
				"west": {"uv": [8, 4.25, 8.5, 4.75], "texture": "#0"},
				"up": {"uv": [8.5, 4.25, 9, 4.75], "texture": "#0"},
				"down": {"uv": [8.5, 4.25, 9, 4.75], "texture": "#0"}
			}
		},
		{
			"from": [2, 15, 7],
			"to": [6, 16, 9],
			"faces": {
				"north": {"uv": [8, 4, 9, 4.25], "texture": "#0"},
				"east": {"uv": [9, 3.5, 9.25, 4], "rotation": 90, "texture": "#0"},
				"south": {"uv": [8, 4, 9, 4.25], "texture": "#0"},
				"west": {"uv": [9.25, 3.5, 9.5, 4], "rotation": 90, "texture": "#0"},
				"up": {"uv": [8, 3.5, 9, 4], "rotation": 180, "texture": "#0"},
				"down": {"uv": [9.5, 3.5, 10.5, 4], "texture": "#0"}
			}
		},
		{
			"from": [2, 15, 3],
			"to": [6, 16, 5],
			"faces": {
				"north": {"uv": [8, 4, 9, 4.25], "texture": "#0"},
				"east": {"uv": [9, 3.5, 9.25, 4], "rotation": 90, "texture": "#0"},
				"south": {"uv": [8, 4, 9, 4.25], "texture": "#0"},
				"west": {"uv": [9.25, 3.5, 9.5, 4], "rotation": 90, "texture": "#0"},
				"up": {"uv": [8, 3.5, 9, 4], "rotation": 180, "texture": "#0"},
				"down": {"uv": [9.5, 3.5, 10.5, 4], "texture": "#0"}
			}
		},
		{
			"from": [2, 13, 3],
			"to": [4, 15, 5],
			"faces": {
				"north": {"uv": [8.5, 4.25, 9, 4.75], "texture": "#0"},
				"east": {"uv": [8.5, 4.25, 9, 4.75], "texture": "#0"},
				"south": {"uv": [8.5, 4.25, 9, 4.75], "texture": "#0"},
				"west": {"uv": [8, 4.25, 8.5, 4.75], "texture": "#0"},
				"up": {"uv": [8.5, 4.25, 9, 4.75], "texture": "#0"},
				"down": {"uv": [8.5, 4.25, 9, 4.75], "texture": "#0"}
			}
		}
	],
	"display": {
		"thirdperson_righthand": {
			"rotation": [75, 45, 0],
			"translation": [0, 2.5, 0],
			"scale": [0.375, 0.375, 0.375]
		},
		"firstperson_righthand": {
			"rotation": [0, 45, 0],
			"scale": [0.4, 0.4, 0.4]
		},
		"ground": {
			"scale": [0.25, 0.25, 0.25]
		},
		"gui": {
			"rotation": [30, 225, 0],
			"scale": [0.625, 0.625, 0.625]
		},
		"fixed": {
			"scale": [0.5, 0.5, 0.5]
		}
	}
}