{
	"credit": "Made with Blockbench",
	"texture_size": [32, 32],
	"textures": {
		"0": "the_vault:block/monolith_side",
		"particle": "the_vault:block/monolith_side"
	},
	"elements": [
		{
			"from": [0, 0, 0],
			"to": [16, 8, 16],
			"faces": {
				"north": {"uv": [0, 8, 8, 12], "texture": "#0"},
				"east": {"uv": [0, 8, 8, 12], "texture": "#0"},
				"south": {"uv": [0, 8, 8, 12], "texture": "#0"},
				"west": {"uv": [0, 8, 8, 12], "texture": "#0"},
				"up": {"uv": [8, 0, 16, 8], "texture": "#0"},
				"down": {"uv": [0, 0, 8, 8], "texture": "#0"}
			}
		},
		{
			"from": [1, 8, 1],
			"to": [15, 10, 3],
			"rotation": {"angle": 0, "axis": "y", "origin": [1, 8, 1]},
			"faces": {
				"north": {"uv": [0, 12, 7, 13], "texture": "#0"},
				"east": {"uv": [7, 12, 8, 13], "texture": "#0"},
				"south": {"uv": [0, 14, 7, 15], "texture": "#0"},
				"west": {"uv": [7, 12, 8, 13], "texture": "#0"},
				"up": {"uv": [0, 13, 7, 14], "texture": "#0"},
				"down": {"uv": [0, 13, 7, 14], "texture": "#0"}
			}
		},
		{
			"from": [1, 8, 13],
			"to": [15, 10, 15],
			"rotation": {"angle": 0, "axis": "y", "origin": [1, 8, 13]},
			"faces": {
				"north": {"uv": [0, 14, 7, 15], "texture": "#0"},
				"east": {"uv": [7, 12, 8, 13], "texture": "#0"},
				"south": {"uv": [0, 14, 7, 15], "texture": "#0"},
				"west": {"uv": [7, 12, 8, 13], "texture": "#0"},
				"up": {"uv": [0, 12, 7, 13], "texture": "#0"},
				"down": {"uv": [0, 12, 7, 13], "texture": "#0"}
			}
		},
		{
			"from": [1, 8, 3],
			"to": [3, 10, 13],
			"rotation": {"angle": 0, "axis": "y", "origin": [1, 8, 3]},
			"faces": {
				"north": {"uv": [7, 12, 8, 13], "texture": "#0"},
				"east": {"uv": [1, 14, 6, 15], "texture": "#0"},
				"south": {"uv": [7, 12, 8, 13], "texture": "#0"},
				"west": {"uv": [1, 12, 6, 13], "texture": "#0"},
				"up": {"uv": [1, 12, 6, 13], "rotation": 270, "texture": "#0"},
				"down": {"uv": [1, 12, 6, 13], "rotation": 270, "texture": "#0"}
			}
		},
		{
			"from": [13, 8, 3],
			"to": [15, 10, 13],
			"rotation": {"angle": 0, "axis": "y", "origin": [13, 8, 3]},
			"faces": {
				"north": {"uv": [7, 12, 8, 13], "texture": "#0"},
				"east": {"uv": [1, 14, 6, 15], "texture": "#0"},
				"south": {"uv": [7, 12, 8, 13], "texture": "#0"},
				"west": {"uv": [1, 14, 6, 15], "texture": "#0"},
				"up": {"uv": [1, 12, 6, 13], "rotation": 270, "texture": "#0"},
				"down": {"uv": [1, 12, 6, 13], "rotation": 270, "texture": "#0"}
			}
		},
		{
			"from": [4, 8, 5],
			"to": [12, 10, 7],
			"rotation": {"angle": 0, "axis": "y", "origin": [4, 8, 5]},
			"faces": {
				"north": {"uv": [8, 8, 9, 12], "rotation": 90, "texture": "#0"},
				"east": {"uv": [11, 8, 12, 9], "texture": "#0"},
				"south": {"uv": [9, 8, 10, 12], "rotation": 90, "texture": "#0"},
				"west": {"uv": [13, 10, 14, 11], "texture": "#0"},
				"up": {"uv": [10, 8, 11, 12], "rotation": 90, "texture": "#0"},
				"down": {"uv": [10, 12, 11, 16], "rotation": 90, "texture": "#0"}
			}
		},
		{
			"from": [4, 8, 9],
			"to": [12, 10, 11],
			"rotation": {"angle": 0, "axis": "y", "origin": [4, 8, 9]},
			"faces": {
				"north": {"uv": [8, 12, 9, 16], "rotation": 90, "texture": "#0"},
				"east": {"uv": [11, 8, 12, 9], "texture": "#0"},
				"south": {"uv": [8, 8, 9, 12], "rotation": 90, "texture": "#0"},
				"west": {"uv": [13, 10, 14, 11], "texture": "#0"},
				"up": {"uv": [9, 8, 10, 12], "rotation": 90, "texture": "#0"},
				"down": {"uv": [10, 8, 11, 12], "rotation": 90, "texture": "#0"}
			}
		},
		{
			"from": [5, 9, 4],
			"to": [7, 11, 12],
			"rotation": {"angle": 0, "axis": "y", "origin": [5, 9, 4]},
			"faces": {
				"north": {"uv": [13, 8, 14, 9], "texture": "#0"},
				"east": {"uv": [9, 8, 10, 12], "rotation": 90, "texture": "#0"},
				"south": {"uv": [12, 10, 13, 11], "texture": "#0"},
				"west": {"uv": [9, 12, 10, 16], "rotation": 90, "texture": "#0"},
				"up": {"uv": [10, 8, 11, 12], "texture": "#0"},
				"down": {"uv": [8, 8, 9, 12], "texture": "#0"}
			}
		},
		{
			"from": [9, 9, 4],
			"to": [11, 11, 12],
			"rotation": {"angle": 0, "axis": "y", "origin": [9, 9, 4]},
			"faces": {
				"north": {"uv": [13, 9, 14, 10], "texture": "#0"},
				"east": {"uv": [10, 8, 11, 12], "rotation": 90, "texture": "#0"},
				"south": {"uv": [11, 9, 12, 10], "texture": "#0"},
				"west": {"uv": [10, 12, 11, 16], "rotation": 90, "texture": "#0"},
				"up": {"uv": [9, 12, 10, 16], "texture": "#0"},
				"down": {"uv": [9, 8, 10, 12], "texture": "#0"}
			}
		}
	],
	"display": {
		"thirdperson_righthand": {
			"rotation": [75, 45, 0],
			"translation": [0, 2.5, 0],
			"scale": [0.375, 0.375, 0.375]
		},
		"thirdperson_lefthand": {
			"rotation": [75, 45, 0],
			"translation": [0, 2.5, 0],
			"scale": [0.375, 0.375, 0.375]
		},
		"firstperson_righthand": {
			"rotation": [0, 45, 0],
			"scale": [0.4, 0.4, 0.4]
		},
		"firstperson_lefthand": {
			"rotation": [0, 225, 0],
			"scale": [0.4, 0.4, 0.4]
		},
		"ground": {
			"translation": [0, 3, 0],
			"scale": [0.25, 0.25, 0.25]
		},
		"gui": {
			"rotation": [30, 225, 0],
			"scale": [0.625, 0.625, 0.625]
		},
		"fixed": {
			"scale": [0.5, 0.5, 0.5]
		}
	}
}