{
	"credit": "Made with Blockbench",
	"textures": {
		"0": "the_vault:block/pylon_base",
		"particle": "the_vault:block/pylon_base"
	},
	"elements": [
		{
			"from": [6, 3, -1],
			"to": [10, 7, 0],
			"rotation": {"angle": 0, "axis": "y", "origin": [8, 1, 8]},
			"faces": {
				"north": {"uv": [6, 0, 10, 4], "texture": "#0"},
				"east": {"uv": [10, 0, 11, 4], "texture": "#0"},
				"south": {"uv": [6, 0, 10, 4], "texture": "#0"},
				"west": {"uv": [10, 0, 11, 4], "texture": "#0"},
				"up": {"uv": [6, 5, 10, 6], "texture": "#0"},
				"down": {"uv": [6, 4, 10, 5], "texture": "#0"}
			}
		},
		{
			"from": [6, 2, -1],
			"to": [10, 8, 1],
			"rotation": {"angle": 45, "axis": "y", "origin": [8, 1, 8]},
			"faces": {
				"north": {"uv": [0, 0, 4, 6], "texture": "#0"},
				"east": {"uv": [4, 0, 6, 6], "texture": "#0"},
				"south": {"uv": [0, 0, 4, 6], "texture": "#0"},
				"west": {"uv": [4, 0, 6, 6], "texture": "#0"},
				"up": {"uv": [0, 8, 4, 10], "texture": "#0"},
				"down": {"uv": [0, 6, 4, 8], "texture": "#0"}
			}
		},
		{
			"from": [-1, 3, 6],
			"to": [0, 7, 10],
			"rotation": {"angle": 0, "axis": "y", "origin": [8, 1, 8]},
			"faces": {
				"north": {"uv": [10, 0, 11, 4], "texture": "#0"},
				"east": {"uv": [6, 0, 10, 4], "texture": "#0"},
				"south": {"uv": [10, 0, 11, 4], "texture": "#0"},
				"west": {"uv": [6, 0, 10, 4], "texture": "#0"},
				"up": {"uv": [6, 5, 10, 6], "rotation": 270, "texture": "#0"},
				"down": {"uv": [6, 4, 10, 5], "rotation": 90, "texture": "#0"}
			}
		},
		{
			"from": [-1, 2, 6],
			"to": [1, 8, 10],
			"rotation": {"angle": 45, "axis": "y", "origin": [8, 1, 8]},
			"faces": {
				"north": {"uv": [4, 0, 6, 6], "texture": "#0"},
				"east": {"uv": [0, 0, 4, 6], "texture": "#0"},
				"south": {"uv": [4, 0, 6, 6], "texture": "#0"},
				"west": {"uv": [0, 0, 4, 6], "texture": "#0"},
				"up": {"uv": [0, 8, 4, 10], "rotation": 270, "texture": "#0"},
				"down": {"uv": [0, 6, 4, 8], "rotation": 90, "texture": "#0"}
			}
		},
		{
			"from": [6, 3, 16],
			"to": [10, 7, 17],
			"rotation": {"angle": 0, "axis": "y", "origin": [8, 1, 8]},
			"faces": {
				"north": {"uv": [6, 0, 10, 4], "texture": "#0"},
				"east": {"uv": [10, 0, 11, 4], "texture": "#0"},
				"south": {"uv": [6, 0, 10, 4], "texture": "#0"},
				"west": {"uv": [10, 0, 11, 4], "texture": "#0"},
				"up": {"uv": [6, 5, 10, 6], "rotation": 180, "texture": "#0"},
				"down": {"uv": [6, 4, 10, 5], "rotation": 180, "texture": "#0"}
			}
		},
		{
			"from": [6, 2, 15],
			"to": [10, 8, 17],
			"rotation": {"angle": 45, "axis": "y", "origin": [8, 1, 8]},
			"faces": {
				"north": {"uv": [0, 0, 4, 6], "texture": "#0"},
				"east": {"uv": [4, 0, 6, 6], "texture": "#0"},
				"south": {"uv": [0, 0, 4, 6], "texture": "#0"},
				"west": {"uv": [4, 0, 6, 6], "texture": "#0"},
				"up": {"uv": [0, 8, 4, 10], "rotation": 180, "texture": "#0"},
				"down": {"uv": [0, 6, 4, 8], "rotation": 180, "texture": "#0"}
			}
		},
		{
			"from": [16, 3, 6],
			"to": [17, 7, 10],
			"rotation": {"angle": 0, "axis": "y", "origin": [8, 1, 8]},
			"faces": {
				"north": {"uv": [10, 0, 11, 4], "texture": "#0"},
				"east": {"uv": [6, 0, 10, 4], "texture": "#0"},
				"south": {"uv": [10, 0, 11, 4], "texture": "#0"},
				"west": {"uv": [6, 0, 10, 4], "texture": "#0"},
				"up": {"uv": [6, 5, 10, 6], "rotation": 90, "texture": "#0"},
				"down": {"uv": [6, 4, 10, 5], "rotation": 270, "texture": "#0"}
			}
		},
		{
			"from": [15, 2, 6],
			"to": [17, 8, 10],
			"rotation": {"angle": 45, "axis": "y", "origin": [8, 1, 8]},
			"faces": {
				"north": {"uv": [4, 0, 6, 6], "texture": "#0"},
				"east": {"uv": [0, 0, 4, 6], "texture": "#0"},
				"south": {"uv": [4, 0, 6, 6], "texture": "#0"},
				"west": {"uv": [0, 0, 4, 6], "texture": "#0"},
				"up": {"uv": [0, 8, 4, 10], "rotation": 90, "texture": "#0"},
				"down": {"uv": [0, 6, 4, 8], "rotation": 270, "texture": "#0"}
			}
		}
	],
	"display": {
		"thirdperson_righthand": {
			"rotation": [75, 45, 0],
			"translation": [0, 2.5, 0],
			"scale": [0.375, 0.375, 0.375]
		},
		"thirdperson_lefthand": {
			"translation": [0, 3, 1],
			"scale": [0.55, 0.55, 0.55]
		},
		"firstperson_righthand": {
			"rotation": [0, -90, 25],
			"translation": [1.13, 3.2, 1.13],
			"scale": [0.68, 0.68, 0.68]
		},
		"firstperson_lefthand": {
			"rotation": [0, -90, 25],
			"translation": [1.13, 3.2, 1.13],
			"scale": [0.68, 0.68, 0.68]
		},
		"ground": {
			"translation": [0, 3, 0],
			"scale": [0.25, 0.25, 0.25]
		},
		"gui": {
			"rotation": [30, 225, 0],
			"scale": [0.625, 0.625, 0.625]
		},
		"head": {
			"rotation": [0, 180, 0],
			"translation": [0, 4.25, 0],
			"scale": [1.5, 1.5, 1.5]
		},
		"fixed": {
			"scale": [0.5, 0.5, 0.5]
		}
	}
}