{
	"credit": "Made with Blockbench",
	"texture_size": [128, 128],
	"textures": {
		"2": "the_vault:block/royale_loot_crate",
		"particle": "the_vault:block/royale_loot_crate"
	},
	"elements": [
		{
			"from": [2, 2, 2],
			"to": [14, 14, 14],
			"rotation": {"angle": 0, "axis": "y", "origin": [2, 2, 2]},
			"faces": {
				"north": {"uv": [0, 0, 1.5, 1.5], "texture": "#2"},
				"east": {"uv": [0, 1.625, 1.5, 3.125], "texture": "#2"},
				"south": {"uv": [1.625, 0, 3.125, 1.5], "texture": "#2"},
				"west": {"uv": [1.625, 1.625, 3.125, 3.125], "texture": "#2"},
				"up": {"uv": [1.5, 4.75, 0, 3.25], "texture": "#2"},
				"down": {"uv": [4.75, 0, 3.25, 1.5], "texture": "#2"}
			}
		},
		{
			"from": [0, 14, 0],
			"to": [16, 16, 2],
			"rotation": {"angle": 0, "axis": "y", "origin": [0, 14, 0]},
			"faces": {
				"north": {"uv": [5, 4.625, 7, 4.875], "texture": "#2"},
				"east": {"uv": [7.625, 1.125, 7.875, 1.375], "texture": "#2"},
				"south": {"uv": [5, 5, 7, 5.25], "texture": "#2"},
				"west": {"uv": [7.625, 1.5, 7.875, 1.75], "texture": "#2"},
				"up": {"uv": [7.125, 1.75, 5.125, 1.5], "texture": "#2"},
				"down": {"uv": [7.125, 1.875, 5.125, 2.125], "texture": "#2"}
			}
		},
		{
			"from": [0, 0, 14],
			"to": [16, 2, 16],
			"rotation": {"angle": 0, "axis": "y", "origin": [0, 0, 14]},
			"faces": {
				"north": {"uv": [5, 5.375, 7, 5.625], "texture": "#2"},
				"east": {"uv": [7.625, 2.625, 7.875, 2.875], "texture": "#2"},
				"south": {"uv": [0, 5.5, 2, 5.75], "texture": "#2"},
				"west": {"uv": [3.5, 7.75, 3.75, 8], "texture": "#2"},
				"up": {"uv": [7, 6, 5, 5.75], "texture": "#2"},
				"down": {"uv": [2, 5.875, 0, 6.125], "texture": "#2"}
			}
		},
		{
			"from": [0, 14, 14],
			"to": [16, 16, 16],
			"rotation": {"angle": 0, "axis": "y", "origin": [0, 14, 14]},
			"faces": {
				"north": {"uv": [5.125, 2.5, 7.125, 2.25], "texture": "#2"},
				"east": {"uv": [7.625, 1.875, 7.875, 2.125], "texture": "#2"},
				"south": {"uv": [5.125, 2.625, 7.125, 2.875], "texture": "#2"},
				"west": {"uv": [7.625, 2.25, 7.875, 2.5], "texture": "#2"},
				"up": {"uv": [7.125, 3.25, 5.125, 3], "texture": "#2"},
				"down": {"uv": [7.125, 3.375, 5.125, 3.625], "texture": "#2"}
			}
		},
		{
			"from": [14, 0, 2],
			"to": [16, 2, 14],
			"rotation": {"angle": 0, "axis": "y", "origin": [15, 9, 8]},
			"faces": {
				"north": {"uv": [7.875, 3, 8.125, 3.25], "texture": "#2"},
				"east": {"uv": [5, 6.125, 6.5, 6.375], "texture": "#2"},
				"south": {"uv": [7.875, 3.375, 8.125, 3.625], "texture": "#2"},
				"west": {"uv": [0, 6.25, 1.5, 6.5], "texture": "#2"},
				"up": {"uv": [1.875, 7.75, 1.625, 6.25], "texture": "#2"},
				"down": {"uv": [2.25, 6.5, 2, 8], "texture": "#2"}
			}
		},
		{
			"from": [14, 14, 2],
			"to": [16, 16, 14],
			"rotation": {"angle": 0, "axis": "y", "origin": [15, 7, 8]},
			"faces": {
				"north": {"uv": [3.875, 7.75, 4.125, 8], "texture": "#2"},
				"east": {"uv": [0, 4.875, 1.5, 5.125], "texture": "#2"},
				"south": {"uv": [1.5, 7.875, 1.75, 8.125], "texture": "#2"},
				"west": {"uv": [2.125, 6.125, 3.625, 6.375], "texture": "#2"},
				"up": {"uv": [4, 7.625, 3.75, 6.125], "texture": "#2"},
				"down": {"uv": [4.375, 6.125, 4.125, 7.625], "texture": "#2"}
			}
		},
		{
			"from": [0, 0, 2],
			"to": [2, 2, 14],
			"rotation": {"angle": 0, "axis": "y", "origin": [1, 9, 8]},
			"faces": {
				"north": {"uv": [7.875, 4.5, 8.125, 4.75], "texture": "#2"},
				"east": {"uv": [6.625, 6.125, 8.125, 6.375], "texture": "#2"},
				"south": {"uv": [7.875, 4.875, 8.125, 5.125], "texture": "#2"},
				"west": {"uv": [6.625, 6.5, 8.125, 6.75], "texture": "#2"},
				"up": {"uv": [3.375, 8, 3.125, 6.5], "texture": "#2"},
				"down": {"uv": [4.75, 6.875, 4.5, 8.375], "texture": "#2"}
			}
		},
		{
			"from": [0, 14, 2],
			"to": [2, 16, 14],
			"rotation": {"angle": 0, "axis": "y", "origin": [1, 7, 8]},
			"faces": {
				"north": {"uv": [7.875, 3.75, 8.125, 4], "texture": "#2"},
				"east": {"uv": [5, 6.5, 6.5, 6.75], "texture": "#2"},
				"south": {"uv": [7.875, 4.125, 8.125, 4.375], "texture": "#2"},
				"west": {"uv": [0, 6.625, 1.5, 6.875], "texture": "#2"},
				"up": {"uv": [2.625, 8, 2.375, 6.5], "texture": "#2"},
				"down": {"uv": [3, 6.5, 2.75, 8], "texture": "#2"}
			}
		},
		{
			"from": [0, 0, 0],
			"to": [16, 2, 2],
			"faces": {
				"north": {"uv": [4.875, 0, 6.875, 0.25], "texture": "#2"},
				"east": {"uv": [7.625, 0.375, 7.875, 0.625], "texture": "#2"},
				"south": {"uv": [4.875, 0.375, 6.875, 0.625], "texture": "#2"},
				"west": {"uv": [7.625, 0.75, 7.875, 1], "texture": "#2"},
				"up": {"uv": [6.875, 1, 4.875, 0.75], "texture": "#2"},
				"down": {"uv": [6.875, 1.125, 4.875, 1.375], "texture": "#2"}
			}
		},
		{
			"from": [0, 2, 0],
			"to": [2, 14, 2],
			"rotation": {"angle": 0, "axis": "y", "origin": [0, 2, 0]},
			"faces": {
				"north": {"uv": [4.875, 6.875, 5.125, 8.375], "texture": "#2"},
				"east": {"uv": [5.25, 6.875, 5.5, 8.375], "texture": "#2"},
				"south": {"uv": [5.625, 6.875, 5.875, 8.375], "texture": "#2"},
				"west": {"uv": [6, 6.875, 6.25, 8.375], "texture": "#2"},
				"up": {"uv": [8.125, 5.5, 7.875, 5.25], "texture": "#2"},
				"down": {"uv": [8.125, 5.625, 7.875, 5.875], "texture": "#2"}
			}
		},
		{
			"from": [14, 2, 0],
			"to": [16, 14, 2],
			"rotation": {"angle": 0, "axis": "y", "origin": [14, 2, 0]},
			"faces": {
				"north": {"uv": [6.375, 6.875, 6.625, 8.375], "texture": "#2"},
				"east": {"uv": [6.75, 6.875, 7, 8.375], "texture": "#2"},
				"south": {"uv": [0, 7, 0.25, 8.5], "texture": "#2"},
				"west": {"uv": [0.375, 7, 0.625, 8.5], "texture": "#2"},
				"up": {"uv": [8.125, 7.125, 7.875, 6.875], "texture": "#2"},
				"down": {"uv": [8.125, 7.25, 7.875, 7.5], "texture": "#2"}
			}
		},
		{
			"from": [0, 2, 14],
			"to": [2, 14, 16],
			"rotation": {"angle": 0, "axis": "y", "origin": [0, 2, 14]},
			"faces": {
				"north": {"uv": [7.25, 0, 7.5, 1.5], "texture": "#2"},
				"east": {"uv": [7.25, 1.625, 7.5, 3.125], "texture": "#2"},
				"south": {"uv": [7.5, 3.25, 7.75, 4.75], "texture": "#2"},
				"west": {"uv": [7.5, 6.875, 7.75, 8.375], "texture": "#2"},
				"up": {"uv": [8.25, 0.625, 8, 0.375], "texture": "#2"},
				"down": {"uv": [8.25, 0.75, 8, 1], "texture": "#2"}
			}
		},
		{
			"from": [14, 2, 14],
			"to": [16, 14, 16],
			"rotation": {"angle": 0, "axis": "y", "origin": [14, 2, 14]},
			"faces": {
				"north": {"uv": [0.75, 7, 1, 8.5], "texture": "#2"},
				"east": {"uv": [1.125, 7, 1.375, 8.5], "texture": "#2"},
				"south": {"uv": [7.125, 3.75, 7.375, 5.25], "texture": "#2"},
				"west": {"uv": [7.125, 6.875, 7.375, 8.375], "texture": "#2"},
				"up": {"uv": [8.125, 7.875, 7.875, 7.625], "texture": "#2"},
				"down": {"uv": [8.25, 0, 8, 0.25], "texture": "#2"}
			}
		},
		{
			"from": [7, -0.5, 0.05],
			"to": [9, 16.5, 1.85],
			"rotation": {"angle": 45, "axis": "z", "origin": [8, 8, 0.85]},
			"faces": {
				"north": {"uv": [2.75, 3.25, 3, 5.375], "texture": "#2"},
				"east": {"uv": [3.625, 1.625, 3.875, 3.75], "texture": "#2"},
				"south": {"uv": [3.125, 3.875, 3.375, 6], "texture": "#2"},
				"west": {"uv": [3.5, 3.875, 3.75, 6], "texture": "#2"},
				"up": {"uv": [7.375, 5.625, 7.125, 5.375], "texture": "#2"},
				"down": {"uv": [7.375, 5.75, 7.125, 6], "texture": "#2"}
			}
		},
		{
			"from": [7, -0.5, 14.1],
			"to": [9, 16.5, 15.9],
			"rotation": {"angle": -45, "axis": "z", "origin": [8, 8, 14.9]},
			"faces": {
				"north": {"uv": [3.875, 3.875, 4.125, 6], "texture": "#2"},
				"east": {"uv": [4, 1.625, 4.25, 3.75], "texture": "#2"},
				"south": {"uv": [4.25, 3.875, 4.5, 6], "texture": "#2"},
				"west": {"uv": [4.375, 1.625, 4.625, 3.75], "texture": "#2"},
				"up": {"uv": [7.75, 5.125, 7.5, 4.875], "texture": "#2"},
				"down": {"uv": [7.75, 5.25, 7.5, 5.5], "texture": "#2"}
			}
		},
		{
			"from": [0.2, 7, -0.5],
			"to": [1.9, 8.8, 16.5],
			"rotation": {"angle": 45, "axis": "x", "origin": [1.1, 8, 8]},
			"faces": {
				"north": {"uv": [7.5, 5.625, 7.75, 5.875], "texture": "#2"},
				"east": {"uv": [4.625, 3.875, 6.75, 4.125], "texture": "#2"},
				"south": {"uv": [7.625, 0, 7.875, 0.25], "texture": "#2"},
				"west": {"uv": [4.625, 4.25, 6.75, 4.5], "texture": "#2"},
				"up": {"uv": [4.875, 6.75, 4.625, 4.625], "texture": "#2"},
				"down": {"uv": [5, 1.625, 4.75, 3.75], "texture": "#2"}
			}
		},
		{
			"from": [14.1, -0.5, 7.2],
			"to": [15.9, 16.5, 9],
			"rotation": {"angle": 45, "axis": "x", "origin": [15, 8, 8]},
			"faces": {
				"north": {"uv": [1.625, 3.25, 1.875, 5.375], "texture": "#2"},
				"east": {"uv": [3.25, 1.625, 3.5, 3.75], "texture": "#2"},
				"south": {"uv": [2, 3.25, 2.25, 5.375], "texture": "#2"},
				"west": {"uv": [2.375, 3.25, 2.625, 5.375], "texture": "#2"},
				"up": {"uv": [2.375, 5.75, 2.125, 5.5], "texture": "#2"},
				"down": {"uv": [2.75, 5.5, 2.5, 5.75], "texture": "#2"}
			}
		}
	],
	"display": {
		"thirdperson_righthand": {
			"rotation": [75, 45, 0],
			"translation": [0, 2.5, 0],
			"scale": [0.375, 0.375, 0.375]
		},
		"thirdperson_lefthand": {
			"rotation": [75, 45, 0],
			"translation": [0, 2.5, 0],
			"scale": [0.375, 0.375, 0.375]
		},
		"firstperson_righthand": {
			"rotation": [0, 45, 0],
			"scale": [0.4, 0.4, 0.4]
		},
		"firstperson_lefthand": {
			"rotation": [0, 225, 0],
			"scale": [0.4, 0.4, 0.4]
		},
		"ground": {
			"translation": [0, 3, 0],
			"scale": [0.25, 0.25, 0.25]
		},
		"gui": {
			"rotation": [30, 225, 0],
			"scale": [0.625, 0.625, 0.625]
		},
		"head": {
			"scale": [1.1, 1.1, 1.1]
		},
		"fixed": {
			"scale": [0.5, 0.5, 0.5]
		}
	},
	"groups": [
		{
			"name": "Crate",
			"origin": [14, 2, 14],
			"color": 0,
			"children": [0, 1, 2, 3, 4, 5, 6, 7, 8, 9, 10, 11, 12]
		},
		{
			"name": "Bars",
			"origin": [8, 1.1, 7.95],
			"color": 0,
			"children": [13, 14, 15, 16]
		}
	]
}