{
	"credit": "Made with Blockbench",
	"texture_size": [128, 128],
	"textures": {
		"2": "the_vault:block/royale_crate",
		"particle": "the_vault:block/royale_crate"
	},
	"elements": [
		{
			"from": [6.5, 11, -1.5],
			"to": [9.5, 14, -1.5],
			"rotation": {"angle": 45, "axis": "z", "origin": [8, 12.5, -1.5]},
			"faces": {
				"north": {"uv": [7.625, 10.375, 8, 10.75], "texture": "#2"},
				"east": {"uv": [7.25, 9.5, 7.25, 9.875], "texture": "#2"},
				"south": {"uv": [8.125, 10.375, 8.5, 10.75], "texture": "#2"},
				"west": {"uv": [9.625, 0, 9.625, 0.375], "texture": "#2"},
				"up": {"uv": [2, 4.75, 1.625, 4.75], "texture": "#2"},
				"down": {"uv": [6, 4.75, 5.625, 4.75], "texture": "#2"}
			}
		},
		{
			"from": [6.5, 8, -2],
			"to": [9.5, 12, -1],
			"rotation": {"angle": 0, "axis": "y", "origin": [7.5, 9, -2]},
			"faces": {
				"north": {"uv": [9.625, 6.25, 10, 6.75], "texture": "#2"},
				"east": {"uv": [0, 11.5, 0.125, 12], "texture": "#2"},
				"south": {"uv": [9.875, 3, 10.25, 3.5], "texture": "#2"},
				"west": {"uv": [0.25, 11.5, 0.375, 12], "texture": "#2"},
				"up": {"uv": [7.625, 3.125, 7.25, 3], "texture": "#2"},
				"down": {"uv": [11, 5.625, 10.625, 5.75], "texture": "#2"}
			}
		},
		{
			"from": [6.6, 6.8, -1.99],
			"to": [8.7, 8.9, -1.01],
			"rotation": {"angle": -45, "axis": "z", "origin": [8, 7.5, -1.5]},
			"faces": {
				"north": {"uv": [10.375, 3.25, 10.625, 3.5], "texture": "#2"},
				"east": {"uv": [7.125, 9.125, 7.25, 9.375], "texture": "#2"},
				"south": {"uv": [10.375, 7, 10.625, 7.25], "texture": "#2"},
				"west": {"uv": [3.5, 10.75, 3.625, 11], "texture": "#2"},
				"up": {"uv": [7.375, 6.375, 7.125, 6.25], "texture": "#2"},
				"down": {"uv": [8, 4.5, 7.75, 4.625], "texture": "#2"}
			}
		},
		{
			"from": [7.75, 13.3, -1.49],
			"to": [8.25, 13.8, -1],
			"rotation": {"angle": 0, "axis": "y", "origin": [7.5, 11.3, -2]},
			"faces": {
				"north": {"uv": [0.5, 10.5, 0.625, 10.625], "texture": "#2"},
				"east": {"uv": [5.5, 10.5, 5.625, 10.625], "texture": "#2"},
				"south": {"uv": [4.75, 10.75, 4.875, 10.875], "texture": "#2"},
				"west": {"uv": [9.625, 10.875, 9.75, 11], "texture": "#2"},
				"up": {"uv": [5.375, 11.125, 5.25, 11], "texture": "#2"},
				"down": {"uv": [11.875, 3, 11.75, 3.125], "texture": "#2"}
			}
		},
		{
			"from": [7.625, 8.74623, -2.125],
			"to": [8.375, 9.74623, -1.875],
			"rotation": {"angle": 0, "axis": "y", "origin": [7.875, 8.99623, -2.125]},
			"faces": {
				"north": {"uv": [11.75, 7.25, 11.875, 7.375], "texture": "#2"},
				"east": {"uv": [11.875, 7.5, 12, 7.625], "texture": "#2"},
				"south": {"uv": [8, 11.875, 8.125, 12], "texture": "#2"},
				"west": {"uv": [8.25, 11.875, 8.375, 12], "texture": "#2"},
				"up": {"uv": [8.625, 12, 8.5, 11.875], "texture": "#2"},
				"down": {"uv": [10.25, 11.875, 10.125, 12], "texture": "#2"}
			}
		},
		{
			"from": [7.65, 8.44623, -2.1225],
			"to": [8.175, 8.97123, -1.8775],
			"rotation": {"angle": -45, "axis": "z", "origin": [8, 8.62123, -2]},
			"faces": {
				"north": {"uv": [10.375, 11.875, 10.5, 12], "texture": "#2"},
				"east": {"uv": [10.625, 11.875, 10.75, 12], "texture": "#2"},
				"south": {"uv": [10.875, 11.875, 11, 12], "texture": "#2"},
				"west": {"uv": [11.125, 11.875, 11.25, 12], "texture": "#2"},
				"up": {"uv": [12, 11.375, 11.875, 11.25], "texture": "#2"},
				"down": {"uv": [11.5, 11.875, 11.375, 12], "texture": "#2"}
			}
		},
		{
			"from": [7.65, 9.44623, -2.1225],
			"to": [8.175, 9.97123, -1.8775],
			"rotation": {"angle": -45, "axis": "z", "origin": [8, 9.62123, -2]},
			"faces": {
				"north": {"uv": [11.875, 11.5, 12, 11.625], "texture": "#2"},
				"east": {"uv": [11.875, 11.75, 12, 11.875], "texture": "#2"},
				"south": {"uv": [0.5, 12, 0.625, 12.125], "texture": "#2"},
				"west": {"uv": [0.75, 12, 0.875, 12.125], "texture": "#2"},
				"up": {"uv": [1.125, 12.125, 1, 12], "texture": "#2"},
				"down": {"uv": [12.125, 1.125, 12, 1.25], "texture": "#2"}
			}
		},
		{
			"from": [-1, 12, -1],
			"to": [17, 14, 17],
			"rotation": {"angle": 0, "axis": "y", "origin": [0, 14, 0]},
			"faces": {
				"north": {"uv": [0, 7.25, 2.25, 7.5], "texture": "#2"},
				"east": {"uv": [7.25, 0, 9.5, 0.25], "texture": "#2"},
				"south": {"uv": [7.25, 0.375, 9.5, 0.625], "texture": "#2"},
				"west": {"uv": [7.25, 0.75, 9.5, 1], "texture": "#2"},
				"up": {"uv": [2.25, 2.25, 0, 0], "texture": "#2"},
				"down": {"uv": [2.25, 2.375, 0, 4.625], "texture": "#2"}
			}
		},
		{
			"from": [3, 11.5, -1.5],
			"to": [5, 14.5, 0.5],
			"rotation": {"angle": 0, "axis": "y", "origin": [3, 12, -1.5]},
			"faces": {
				"north": {"uv": [9.625, 10.375, 9.875, 10.75], "texture": "#2"},
				"east": {"uv": [1.75, 11.25, 2, 11.625], "texture": "#2"},
				"south": {"uv": [2.125, 11.25, 2.375, 11.625], "texture": "#2"},
				"west": {"uv": [2.5, 11.25, 2.75, 11.625], "texture": "#2"},
				"up": {"uv": [11.5, 1.375, 11.25, 1.125], "texture": "#2"},
				"down": {"uv": [11.75, 2, 11.5, 2.25], "texture": "#2"}
			}
		},
		{
			"from": [11, 11.5, -1.5],
			"to": [13, 14.5, 0.5],
			"rotation": {"angle": 0, "axis": "y", "origin": [11, 12, -1.5]},
			"faces": {
				"north": {"uv": [2.875, 11.25, 3.125, 11.625], "texture": "#2"},
				"east": {"uv": [3.25, 11.25, 3.5, 11.625], "texture": "#2"},
				"south": {"uv": [11.25, 3.25, 11.5, 3.625], "texture": "#2"},
				"west": {"uv": [11.25, 3.75, 11.5, 4.125], "texture": "#2"},
				"up": {"uv": [11.75, 2.625, 11.5, 2.375], "texture": "#2"},
				"down": {"uv": [3.875, 11.5, 3.625, 11.75], "texture": "#2"}
			}
		},
		{
			"from": [0, 0, 14],
			"to": [16, 2, 16],
			"rotation": {"angle": 0, "axis": "y", "origin": [0, 0, 15]},
			"faces": {
				"north": {"uv": [7.25, 1.125, 9.25, 1.375], "texture": "#2"},
				"east": {"uv": [4.75, 11.5, 5, 11.75], "texture": "#2"},
				"south": {"uv": [7.25, 1.5, 9.25, 1.75], "texture": "#2"},
				"west": {"uv": [11.5, 6.125, 11.75, 6.375], "texture": "#2"},
				"up": {"uv": [9.25, 2.125, 7.25, 1.875], "texture": "#2"},
				"down": {"uv": [9.25, 2.25, 7.25, 2.5], "texture": "#2"}
			}
		},
		{
			"from": [0, 0, 2],
			"to": [2, 2, 14],
			"rotation": {"angle": 0, "axis": "y", "origin": [0.5, 1, 7.5]},
			"faces": {
				"north": {"uv": [11.5, 7.5, 11.75, 7.75], "texture": "#2"},
				"east": {"uv": [0.75, 8.75, 2.25, 9], "texture": "#2"},
				"south": {"uv": [10.125, 11.5, 10.375, 11.75], "texture": "#2"},
				"west": {"uv": [2.375, 8.75, 3.875, 9], "texture": "#2"},
				"up": {"uv": [4.25, 10.25, 4, 8.75], "texture": "#2"},
				"down": {"uv": [4.625, 8.75, 4.375, 10.25], "texture": "#2"}
			}
		},
		{
			"from": [0, 0, 0],
			"to": [16, 2, 2],
			"faces": {
				"north": {"uv": [2.375, 7.25, 4.375, 7.5], "texture": "#2"},
				"east": {"uv": [10.5, 11.5, 10.75, 11.75], "texture": "#2"},
				"south": {"uv": [7.25, 2.625, 9.25, 2.875], "texture": "#2"},
				"west": {"uv": [10.875, 11.5, 11.125, 11.75], "texture": "#2"},
				"up": {"uv": [6.5, 7.5, 4.5, 7.25], "texture": "#2"},
				"down": {"uv": [8.625, 7.25, 6.625, 7.5], "texture": "#2"}
			}
		},
		{
			"from": [14, 0, 2],
			"to": [16, 2, 14],
			"rotation": {"angle": 0, "axis": "y", "origin": [15.5, 1, 7.5]},
			"faces": {
				"north": {"uv": [0.5, 11.625, 0.75, 11.875], "texture": "#2"},
				"east": {"uv": [5.75, 8.75, 7.25, 9], "texture": "#2"},
				"south": {"uv": [0.875, 11.625, 1.125, 11.875], "texture": "#2"},
				"west": {"uv": [8.75, 7, 10.25, 7.25], "texture": "#2"},
				"up": {"uv": [7.625, 10.25, 7.375, 8.75], "texture": "#2"},
				"down": {"uv": [8, 8.75, 7.75, 10.25], "texture": "#2"}
			}
		},
		{
			"from": [0, 11, 14],
			"to": [16, 16, 16],
			"rotation": {"angle": 0, "axis": "y", "origin": [0, 14, 15]},
			"faces": {
				"north": {"uv": [5.625, 3.25, 7.625, 3.875], "texture": "#2"},
				"east": {"uv": [10.25, 5.125, 10.5, 5.75], "texture": "#2"},
				"south": {"uv": [5.625, 4, 7.625, 4.625], "texture": "#2"},
				"west": {"uv": [10.25, 9.125, 10.5, 9.75], "texture": "#2"},
				"up": {"uv": [9.5, 6.5, 7.5, 6.25], "texture": "#2"},
				"down": {"uv": [9.5, 6.625, 7.5, 6.875], "texture": "#2"}
			}
		},
		{
			"from": [0, 11, 2],
			"to": [2, 16, 14],
			"rotation": {"angle": 0, "axis": "y", "origin": [0.5, 15, 7.5]},
			"faces": {
				"north": {"uv": [10.25, 9.875, 10.5, 10.5], "texture": "#2"},
				"east": {"uv": [4.25, 6.5, 5.75, 7.125], "texture": "#2"},
				"south": {"uv": [10.375, 0, 10.625, 0.625], "texture": "#2"},
				"west": {"uv": [6.5, 4.75, 8, 5.375], "texture": "#2"},
				"up": {"uv": [8.375, 10.25, 8.125, 8.75], "texture": "#2"},
				"down": {"uv": [8.75, 8.75, 8.5, 10.25], "texture": "#2"}
			}
		},
		{
			"from": [0, 11, 0],
			"to": [16, 16, 2],
			"rotation": {"angle": 0, "axis": "y", "origin": [16, 14, 0]},
			"faces": {
				"north": {"uv": [0, 6.5, 2, 7.125], "texture": "#2"},
				"east": {"uv": [10.375, 0.75, 10.625, 1.375], "texture": "#2"},
				"south": {"uv": [2.125, 6.5, 4.125, 7.125], "texture": "#2"},
				"west": {"uv": [4, 10.375, 4.25, 11], "texture": "#2"},
				"up": {"uv": [2, 7.875, 0, 7.625], "texture": "#2"},
				"down": {"uv": [4.125, 7.625, 2.125, 7.875], "texture": "#2"}
			}
		},
		{
			"from": [14, 11, 2],
			"to": [16, 16, 14],
			"rotation": {"angle": 0, "axis": "y", "origin": [15.5, 15, 7.5]},
			"faces": {
				"north": {"uv": [4.375, 10.375, 4.625, 11], "texture": "#2"},
				"east": {"uv": [6.5, 5.5, 8, 6.125], "texture": "#2"},
				"south": {"uv": [7.25, 10.375, 7.5, 11], "texture": "#2"},
				"west": {"uv": [5.875, 6.5, 7.375, 7.125], "texture": "#2"},
				"up": {"uv": [9.125, 10.25, 8.875, 8.75], "texture": "#2"},
				"down": {"uv": [1, 9.125, 0.75, 10.625], "texture": "#2"}
			}
		},
		{
			"from": [14, 2, 0],
			"to": [16, 11, 2],
			"rotation": {"angle": 0, "axis": "y", "origin": [14, 0, 0]},
			"faces": {
				"north": {"uv": [9.25, 9.125, 9.5, 10.25], "texture": "#2"},
				"east": {"uv": [9.375, 1.125, 9.625, 2.25], "texture": "#2"},
				"south": {"uv": [1.125, 9.5, 1.375, 10.625], "texture": "#2"},
				"west": {"uv": [1.5, 9.5, 1.75, 10.625], "texture": "#2"},
				"up": {"uv": [11.875, 1.375, 11.625, 1.125], "texture": "#2"},
				"down": {"uv": [1.5, 11.625, 1.25, 11.875], "texture": "#2"}
			}
		},
		{
			"from": [0.42678, 6.32322, 0.4],
			"to": [15.92678, 8.32322, 1.8],
			"rotation": {"angle": 45, "axis": "z", "origin": [8.17678, 7.32322, 1.1]},
			"faces": {
				"north": {"uv": [4.25, 7.625, 6.25, 7.875], "texture": "#2"},
				"east": {"uv": [7, 10.75, 7.125, 11], "texture": "#2"},
				"south": {"uv": [6.375, 7.625, 8.375, 7.875], "texture": "#2"},
				"west": {"uv": [9.875, 11.625, 10, 11.875], "texture": "#2"},
				"up": {"uv": [10.125, 6.125, 8.125, 6], "texture": "#2"},
				"down": {"uv": [10.75, 7.375, 8.75, 7.5], "texture": "#2"}
			}
		},
		{
			"from": [0.5, 6.5, 0.3],
			"to": [16, 8.5, 1.9],
			"rotation": {"angle": -45, "axis": "z", "origin": [8, 7.5, 1]},
			"faces": {
				"north": {"uv": [7.75, 3, 9.75, 3.25], "texture": "#2"},
				"east": {"uv": [11.625, 3.25, 11.875, 3.5], "texture": "#2"},
				"south": {"uv": [7.75, 3.375, 9.75, 3.625], "texture": "#2"},
				"west": {"uv": [11.625, 3.625, 11.875, 3.875], "texture": "#2"},
				"up": {"uv": [9.75, 4, 7.75, 3.75], "texture": "#2"},
				"down": {"uv": [9.75, 4.125, 7.75, 4.375], "texture": "#2"}
			}
		},
		{
			"from": [0.42678, 6.32322, 14.2],
			"to": [15.92678, 8.32322, 15.6],
			"rotation": {"angle": 45, "axis": "z", "origin": [8.17678, 7.32322, 14.9]},
			"faces": {
				"north": {"uv": [0, 8, 2, 8.25], "texture": "#2"},
				"east": {"uv": [11.625, 11.25, 11.75, 11.5], "texture": "#2"},
				"south": {"uv": [2.125, 8, 4.125, 8.25], "texture": "#2"},
				"west": {"uv": [11.625, 11.625, 11.75, 11.875], "texture": "#2"},
				"up": {"uv": [11.375, 2.625, 9.375, 2.5], "texture": "#2"},
				"down": {"uv": [11.375, 2.75, 9.375, 2.875], "texture": "#2"}
			}
		},
		{
			"from": [0.5, 6.5, 14.1],
			"to": [16, 8.5, 15.7],
			"rotation": {"angle": -45, "axis": "z", "origin": [8, 7.5, 15]},
			"faces": {
				"north": {"uv": [4.25, 8, 6.25, 8.25], "texture": "#2"},
				"east": {"uv": [4, 11.625, 4.25, 11.875], "texture": "#2"},
				"south": {"uv": [6.375, 8, 8.375, 8.25], "texture": "#2"},
				"west": {"uv": [11.625, 4, 11.875, 4.25], "texture": "#2"},
				"up": {"uv": [10.125, 4.75, 8.125, 4.5], "texture": "#2"},
				"down": {"uv": [10.125, 4.875, 8.125, 5.125], "texture": "#2"}
			}
		},
		{
			"from": [14.27678, 6.32322, 0.15],
			"to": [15.67678, 8.32322, 15.65],
			"rotation": {"angle": -45, "axis": "x", "origin": [14.97678, 7.32322, 7.9]},
			"faces": {
				"north": {"uv": [11.75, 1.5, 11.875, 1.75], "texture": "#2"},
				"east": {"uv": [5.75, 8.375, 7.625, 8.625], "texture": "#2"},
				"south": {"uv": [1.625, 11.75, 1.75, 12], "texture": "#2"},
				"west": {"uv": [7.75, 8.375, 9.625, 8.625], "texture": "#2"},
				"up": {"uv": [4.875, 10.625, 4.75, 8.75], "texture": "#2"},
				"down": {"uv": [3.875, 9.5, 3.75, 11.375], "texture": "#2"}
			}
		},
		{
			"from": [14.17678, 6.5, 0.22322],
			"to": [15.77678, 8.5, 15.72322],
			"rotation": {"angle": 45, "axis": "x", "origin": [14.87678, 7.5, 7.72322]},
			"faces": {
				"north": {"uv": [11.625, 4.375, 11.875, 4.625], "texture": "#2"},
				"east": {"uv": [8.125, 5.25, 10.125, 5.5], "texture": "#2"},
				"south": {"uv": [11.625, 4.75, 11.875, 5], "texture": "#2"},
				"west": {"uv": [8.125, 5.625, 10.125, 5.875], "texture": "#2"},
				"up": {"uv": [0.25, 10.375, 0, 8.375], "texture": "#2"},
				"down": {"uv": [0.625, 8.375, 0.375, 10.375], "texture": "#2"}
			}
		},
		{
			"from": [0.32322, 6.32322, 0.15],
			"to": [1.72322, 8.32322, 15.65],
			"rotation": {"angle": -45, "axis": "x", "origin": [1.02322, 7.32322, 7.9]},
			"faces": {
				"north": {"uv": [1.875, 11.75, 2, 12], "texture": "#2"},
				"east": {"uv": [8.5, 7.625, 10.375, 7.875], "texture": "#2"},
				"south": {"uv": [2.125, 11.75, 2.25, 12], "texture": "#2"},
				"west": {"uv": [8.5, 8, 10.375, 8.25], "texture": "#2"},
				"up": {"uv": [10.125, 11, 10, 9.125], "texture": "#2"},
				"down": {"uv": [10.25, 0, 10.125, 1.875], "texture": "#2"}
			}
		},
		{
			"from": [0.22322, 6.5, 0.22322],
			"to": [1.82322, 8.5, 15.72322],
			"rotation": {"angle": 45, "axis": "x", "origin": [1.12322, 7.5, 7.72322]},
			"faces": {
				"north": {"uv": [11.625, 5.125, 11.875, 5.375], "texture": "#2"},
				"east": {"uv": [0.75, 8.375, 2.75, 8.625], "texture": "#2"},
				"south": {"uv": [11.625, 5.5, 11.875, 5.75], "texture": "#2"},
				"west": {"uv": [2.875, 8.375, 4.875, 8.625], "texture": "#2"},
				"up": {"uv": [5.25, 10.375, 5, 8.375], "texture": "#2"},
				"down": {"uv": [5.625, 8.375, 5.375, 10.375], "texture": "#2"}
			}
		},
		{
			"from": [0, 2, 0],
			"to": [2, 11, 2],
			"faces": {
				"north": {"uv": [1.875, 9.5, 2.125, 10.625], "texture": "#2"},
				"east": {"uv": [2.25, 9.5, 2.5, 10.625], "texture": "#2"},
				"south": {"uv": [2.625, 9.5, 2.875, 10.625], "texture": "#2"},
				"west": {"uv": [3, 9.5, 3.25, 10.625], "texture": "#2"},
				"up": {"uv": [11.875, 6.75, 11.625, 6.5], "texture": "#2"},
				"down": {"uv": [7.25, 11.625, 7, 11.875], "texture": "#2"}
			}
		},
		{
			"from": [0, 2, 14],
			"to": [2, 11, 16],
			"rotation": {"angle": 0, "axis": "y", "origin": [0, 0, 14]},
			"faces": {
				"north": {"uv": [3.375, 9.5, 3.625, 10.625], "texture": "#2"},
				"east": {"uv": [5.75, 9.5, 6, 10.625], "texture": "#2"},
				"south": {"uv": [6.125, 9.5, 6.375, 10.625], "texture": "#2"},
				"west": {"uv": [6.5, 9.5, 6.75, 10.625], "texture": "#2"},
				"up": {"uv": [11.875, 8.125, 11.625, 7.875], "texture": "#2"},
				"down": {"uv": [11.875, 8.25, 11.625, 8.5], "texture": "#2"}
			}
		},
		{
			"from": [14, 2, 14],
			"to": [16, 11, 16],
			"rotation": {"angle": 0, "axis": "y", "origin": [14, 0, 14]},
			"faces": {
				"north": {"uv": [6.875, 9.5, 7.125, 10.625], "texture": "#2"},
				"east": {"uv": [9.625, 9.125, 9.875, 10.25], "texture": "#2"},
				"south": {"uv": [9.75, 0, 10, 1.125], "texture": "#2"},
				"west": {"uv": [9.75, 1.25, 10, 2.375], "texture": "#2"},
				"up": {"uv": [11.875, 8.875, 11.625, 8.625], "texture": "#2"},
				"down": {"uv": [11.875, 9, 11.625, 9.25], "texture": "#2"}
			}
		},
		{
			"from": [14, 2, 2],
			"to": [14, 14, 14],
			"rotation": {"angle": 0, "axis": "y", "origin": [15.5, 3, 7.5]},
			"faces": {
				"north": {"uv": [4.625, 12, 4.625, 13.5], "texture": "#2"},
				"east": {"uv": [2.375, 0, 3.875, 1.5], "texture": "#2"},
				"south": {"uv": [3.5, 12.125, 3.5, 13.625], "texture": "#2"},
				"west": {"uv": [2.375, 1.625, 3.875, 3.125], "texture": "#2"},
				"up": {"uv": [10.75, 13.625, 10.75, 12.125], "texture": "#2"},
				"down": {"uv": [10.875, 12.125, 10.875, 13.625], "texture": "#2"}
			}
		},
		{
			"from": [2, 2, 2],
			"to": [14, 14, 2],
			"rotation": {"angle": 0, "axis": "y", "origin": [8, 8, 2]},
			"faces": {
				"north": {"uv": [2.375, 3.25, 3.875, 4.75], "texture": "#2"},
				"east": {"uv": [11, 12.125, 11, 13.625], "texture": "#2"},
				"south": {"uv": [4, 0, 5.5, 1.5], "texture": "#2"},
				"west": {"uv": [11.125, 12.125, 11.125, 13.625], "texture": "#2"},
				"up": {"uv": [1.5, 6.375, 0, 6.375], "texture": "#2"},
				"down": {"uv": [13.5, 5.75, 12, 5.75], "texture": "#2"}
			}
		},
		{
			"from": [2, 2, 2],
			"to": [2, 14, 14],
			"rotation": {"angle": 0, "axis": "y", "origin": [3.5, 3, 7.5]},
			"faces": {
				"north": {"uv": [11.25, 12.125, 11.25, 13.625], "texture": "#2"},
				"east": {"uv": [4, 1.625, 5.5, 3.125], "texture": "#2"},
				"south": {"uv": [12.125, 11.25, 12.125, 12.75], "texture": "#2"},
				"west": {"uv": [4, 3.25, 5.5, 4.75], "texture": "#2"},
				"up": {"uv": [11.375, 13.625, 11.375, 12.125], "texture": "#2"},
				"down": {"uv": [11.5, 12.125, 11.5, 13.625], "texture": "#2"}
			}
		},
		{
			"from": [2, 2, 14],
			"to": [14, 14, 14],
			"rotation": {"angle": 0, "axis": "y", "origin": [8, 8, 14]},
			"faces": {
				"north": {"uv": [0, 4.75, 1.5, 6.25], "texture": "#2"},
				"east": {"uv": [0.5, 12.25, 0.5, 13.75], "texture": "#2"},
				"south": {"uv": [1.625, 4.875, 3.125, 6.375], "texture": "#2"},
				"west": {"uv": [0.625, 12.25, 0.625, 13.75], "texture": "#2"},
				"up": {"uv": [13.625, 1, 12.125, 1], "texture": "#2"},
				"down": {"uv": [13.625, 2.875, 12.125, 2.875], "texture": "#2"}
			}
		},
		{
			"from": [2, 2, 2],
			"to": [14, 2, 14],
			"rotation": {"angle": 0, "axis": "y", "origin": [0, 1, 15]},
			"faces": {
				"north": {"uv": [12.125, 6.375, 13.625, 6.375], "texture": "#2"},
				"east": {"uv": [12.25, 1.125, 13.75, 1.125], "texture": "#2"},
				"south": {"uv": [12.25, 1.25, 13.75, 1.25], "texture": "#2"},
				"west": {"uv": [12.25, 1.375, 13.75, 1.375], "texture": "#2"},
				"up": {"uv": [4.75, 6.375, 3.25, 4.875], "texture": "#2"},
				"down": {"uv": [6.375, 4.875, 4.875, 6.375], "texture": "#2"}
			}
		},
		{
			"from": [2, 14.1, 2],
			"to": [14, 14.1, 14],
			"rotation": {"angle": 0, "axis": "y", "origin": [0, 13, 15]},
			"faces": {
				"north": {"uv": [12.25, 1.5, 13.75, 1.5], "texture": "#2"},
				"east": {"uv": [12.25, 1.625, 13.75, 1.625], "texture": "#2"},
				"south": {"uv": [12.25, 1.75, 13.75, 1.75], "texture": "#2"},
				"west": {"uv": [12.25, 3, 13.75, 3], "texture": "#2"},
				"up": {"uv": [7.125, 1.5, 5.625, 0], "texture": "#2"},
				"down": {"uv": [7.125, 1.625, 5.625, 3.125], "texture": "#2"}
			}
		},
		{
			"from": [-0.5, -0.1, -0.5],
			"to": [2.5, 2.9, 2.5],
			"rotation": {"angle": 0, "axis": "y", "origin": [1, 1.4, 1]},
			"faces": {
				"north": {"uv": [8.625, 10.375, 9, 10.75], "texture": "#2"},
				"east": {"uv": [9.125, 10.375, 9.5, 10.75], "texture": "#2"},
				"south": {"uv": [0, 10.5, 0.375, 10.875], "texture": "#2"},
				"west": {"uv": [5, 10.5, 5.375, 10.875], "texture": "#2"},
				"up": {"uv": [10.875, 8, 10.5, 7.625], "texture": "#2"},
				"down": {"uv": [11, 5.125, 10.625, 5.5], "texture": "#2"}
			}
		},
		{
			"from": [13.5, -0.1, -0.5],
			"to": [16.5, 2.9, 2.5],
			"rotation": {"angle": 0, "axis": "y", "origin": [15, 1.4, 1]},
			"faces": {
				"north": {"uv": [10.625, 8.125, 11, 8.5], "texture": "#2"},
				"east": {"uv": [10.625, 8.625, 11, 9], "texture": "#2"},
				"south": {"uv": [10.625, 9.125, 11, 9.5], "texture": "#2"},
				"west": {"uv": [10.625, 9.625, 11, 10], "texture": "#2"},
				"up": {"uv": [11, 10.5, 10.625, 10.125], "texture": "#2"},
				"down": {"uv": [10.625, 10.625, 10.25, 11], "texture": "#2"}
			}
		},
		{
			"from": [13.5, -0.1, 13.5],
			"to": [16.5, 2.9, 16.5],
			"rotation": {"angle": 0, "axis": "y", "origin": [14.5, -0.1, 14.5]},
			"faces": {
				"north": {"uv": [10.75, 0, 11.125, 0.375], "texture": "#2"},
				"east": {"uv": [0.5, 10.75, 0.875, 11.125], "texture": "#2"},
				"south": {"uv": [10.75, 0.5, 11.125, 0.875], "texture": "#2"},
				"west": {"uv": [1, 10.75, 1.375, 11.125], "texture": "#2"},
				"up": {"uv": [11.125, 1.375, 10.75, 1], "texture": "#2"},
				"down": {"uv": [1.875, 10.75, 1.5, 11.125], "texture": "#2"}
			}
		},
		{
			"from": [-0.5, -0.1, 13.5],
			"to": [2.5, 2.9, 16.5],
			"rotation": {"angle": 0, "axis": "y", "origin": [0.5, -0.1, 14.5]},
			"faces": {
				"north": {"uv": [2, 10.75, 2.375, 11.125], "texture": "#2"},
				"east": {"uv": [2.5, 10.75, 2.875, 11.125], "texture": "#2"},
				"south": {"uv": [3, 10.75, 3.375, 11.125], "texture": "#2"},
				"west": {"uv": [10.75, 3.25, 11.125, 3.625], "texture": "#2"},
				"up": {"uv": [11.125, 4.125, 10.75, 3.75], "texture": "#2"},
				"down": {"uv": [5.875, 10.75, 5.5, 11.125], "texture": "#2"}
			}
		},
		{
			"from": [-0.5, 13.55, -0.5],
			"to": [2.5, 16.55, 2.5],
			"rotation": {"angle": 0, "axis": "y", "origin": [1, 15.05, 1]},
			"faces": {
				"north": {"uv": [6, 10.75, 6.375, 11.125], "texture": "#2"},
				"east": {"uv": [6.5, 10.75, 6.875, 11.125], "texture": "#2"},
				"south": {"uv": [10.75, 10.625, 11.125, 11], "texture": "#2"},
				"west": {"uv": [10.875, 7, 11.25, 7.375], "texture": "#2"},
				"up": {"uv": [8, 11.25, 7.625, 10.875], "texture": "#2"},
				"down": {"uv": [8.5, 10.875, 8.125, 11.25], "texture": "#2"}
			}
		},
		{
			"from": [13.5, 13.55, -0.5],
			"to": [16.5, 16.55, 2.5],
			"rotation": {"angle": 0, "axis": "y", "origin": [15, 15.05, 1]},
			"faces": {
				"north": {"uv": [8.625, 10.875, 9, 11.25], "texture": "#2"},
				"east": {"uv": [9.125, 10.875, 9.5, 11.25], "texture": "#2"},
				"south": {"uv": [0, 11, 0.375, 11.375], "texture": "#2"},
				"west": {"uv": [11, 2, 11.375, 2.375], "texture": "#2"},
				"up": {"uv": [5.125, 11.375, 4.75, 11], "texture": "#2"},
				"down": {"uv": [11.375, 6.125, 11, 6.5], "texture": "#2"}
			}
		},
		{
			"from": [13.5, 13.55, 13.5],
			"to": [16.5, 16.55, 16.5],
			"rotation": {"angle": 0, "axis": "y", "origin": [15, 15.05, 15]},
			"faces": {
				"north": {"uv": [11, 7.5, 11.375, 7.875], "texture": "#2"},
				"east": {"uv": [4, 11.125, 4.375, 11.5], "texture": "#2"},
				"south": {"uv": [11.125, 4.25, 11.5, 4.625], "texture": "#2"},
				"west": {"uv": [11.125, 4.75, 11.5, 5.125], "texture": "#2"},
				"up": {"uv": [11.5, 5.625, 11.125, 5.25], "texture": "#2"},
				"down": {"uv": [7.375, 11.125, 7, 11.5], "texture": "#2"}
			}
		},
		{
			"from": [-0.5, 13.55, 13.5],
			"to": [2.5, 16.55, 16.5],
			"rotation": {"angle": 0, "axis": "y", "origin": [1, 15.05, 15]},
			"faces": {
				"north": {"uv": [11.125, 8, 11.5, 8.375], "texture": "#2"},
				"east": {"uv": [11.125, 8.5, 11.5, 8.875], "texture": "#2"},
				"south": {"uv": [11.125, 9, 11.5, 9.375], "texture": "#2"},
				"west": {"uv": [11.125, 9.5, 11.5, 9.875], "texture": "#2"},
				"up": {"uv": [10, 11.5, 9.625, 11.125], "texture": "#2"},
				"down": {"uv": [11.5, 10, 11.125, 10.375], "texture": "#2"}
			}
		},
		{
			"from": [7, 14.05611, 0.72067],
			"to": [9, 17.05611, 2.72067],
			"rotation": {"angle": 22.5, "axis": "x", "origin": [8, 16.15433, 5.84567]},
			"faces": {
				"north": {"uv": [5.25, 11.25, 5.5, 11.625], "texture": "#2"},
				"east": {"uv": [5.625, 11.25, 5.875, 11.625], "texture": "#2"},
				"south": {"uv": [6, 11.25, 6.25, 11.625], "texture": "#2"},
				"west": {"uv": [6.375, 11.25, 6.625, 11.625], "texture": "#2"},
				"up": {"uv": [11.875, 9.625, 11.625, 9.375], "texture": "#2"},
				"down": {"uv": [9.75, 11.625, 9.5, 11.875], "texture": "#2"}
			}
		},
		{
			"from": [9, 14.55611, 1.72067],
			"to": [13, 16.55611, 2.72067],
			"rotation": {"angle": 22.5, "axis": "x", "origin": [8, 16.15433, 5.84567]},
			"faces": {
				"north": {"uv": [11, 6.625, 11.5, 6.875], "texture": "#2"},
				"east": {"uv": [2.375, 11.75, 2.5, 12], "texture": "#2"},
				"south": {"uv": [10.125, 11.125, 10.625, 11.375], "texture": "#2"},
				"west": {"uv": [2.625, 11.75, 2.75, 12], "texture": "#2"},
				"up": {"uv": [7, 6.375, 6.5, 6.25], "texture": "#2"},
				"down": {"uv": [8, 7, 7.5, 7.125], "texture": "#2"}
			}
		},
		{
			"from": [12, 16.55611, 1.72067],
			"to": [13, 17.55611, 2.72067],
			"rotation": {"angle": 22.5, "axis": "x", "origin": [8, 16.15433, 5.84567]},
			"faces": {
				"north": {"uv": [1.25, 12, 1.375, 12.125], "texture": "#2"},
				"east": {"uv": [12, 1.375, 12.125, 1.5], "texture": "#2"},
				"south": {"uv": [12, 1.625, 12.125, 1.75], "texture": "#2"},
				"west": {"uv": [12, 3, 12.125, 3.125], "texture": "#2"},
				"up": {"uv": [12.125, 3.375, 12, 3.25], "texture": "#2"},
				"down": {"uv": [12.125, 3.5, 12, 3.625], "texture": "#2"}
			}
		},
		{
			"from": [9, 16.55611, 1.72067],
			"to": [10, 17.55611, 2.72067],
			"rotation": {"angle": 22.5, "axis": "x", "origin": [8, 16.15433, 5.84567]},
			"faces": {
				"north": {"uv": [12, 3.75, 12.125, 3.875], "texture": "#2"},
				"east": {"uv": [3.875, 12, 4, 12.125], "texture": "#2"},
				"south": {"uv": [12, 4, 12.125, 4.125], "texture": "#2"},
				"west": {"uv": [4.125, 12, 4.25, 12.125], "texture": "#2"},
				"up": {"uv": [12.125, 4.375, 12, 4.25], "texture": "#2"},
				"down": {"uv": [4.5, 12, 4.375, 12.125], "texture": "#2"}
			}
		},
		{
			"from": [6, 16.55611, 1.72067],
			"to": [7, 17.55611, 2.72067],
			"rotation": {"angle": 22.5, "axis": "x", "origin": [8, 16.15433, 5.84567]},
			"faces": {
				"north": {"uv": [12, 4.5, 12.125, 4.625], "texture": "#2"},
				"east": {"uv": [12, 4.75, 12.125, 4.875], "texture": "#2"},
				"south": {"uv": [12, 5, 12.125, 5.125], "texture": "#2"},
				"west": {"uv": [12, 5.25, 12.125, 5.375], "texture": "#2"},
				"up": {"uv": [12.125, 5.625, 12, 5.5], "texture": "#2"},
				"down": {"uv": [12.125, 6.5, 12, 6.625], "texture": "#2"}
			}
		},
		{
			"from": [12, 16.55611, 8.72067],
			"to": [13, 17.55611, 9.72067],
			"rotation": {"angle": 22.5, "axis": "x", "origin": [8, 16.15433, 5.84567]},
			"faces": {
				"north": {"uv": [12, 6.75, 12.125, 6.875], "texture": "#2"},
				"east": {"uv": [7, 12, 7.125, 12.125], "texture": "#2"},
				"south": {"uv": [12, 7, 12.125, 7.125], "texture": "#2"},
				"west": {"uv": [7.25, 12, 7.375, 12.125], "texture": "#2"},
				"up": {"uv": [12.125, 7.375, 12, 7.25], "texture": "#2"},
				"down": {"uv": [12.125, 7.75, 12, 7.875], "texture": "#2"}
			}
		},
		{
			"from": [3, 16.55611, 8.72067],
			"to": [4, 17.55611, 9.72067],
			"rotation": {"angle": 22.5, "axis": "x", "origin": [8, 16.15433, 5.84567]},
			"faces": {
				"north": {"uv": [12, 8, 12.125, 8.125], "texture": "#2"},
				"east": {"uv": [12, 8.25, 12.125, 8.375], "texture": "#2"},
				"south": {"uv": [12, 8.5, 12.125, 8.625], "texture": "#2"},
				"west": {"uv": [12, 8.75, 12.125, 8.875], "texture": "#2"},
				"up": {"uv": [12.125, 9.125, 12, 9], "texture": "#2"},
				"down": {"uv": [12.125, 9.25, 12, 9.375], "texture": "#2"}
			}
		},
		{
			"from": [3, 16.55611, 1.72067],
			"to": [4, 17.55611, 2.72067],
			"rotation": {"angle": 22.5, "axis": "x", "origin": [8, 16.15433, 5.84567]},
			"faces": {
				"north": {"uv": [9.5, 12, 9.625, 12.125], "texture": "#2"},
				"east": {"uv": [12, 9.5, 12.125, 9.625], "texture": "#2"},
				"south": {"uv": [9.75, 12, 9.875, 12.125], "texture": "#2"},
				"west": {"uv": [12, 9.75, 12.125, 9.875], "texture": "#2"},
				"up": {"uv": [12.125, 10.125, 12, 10], "texture": "#2"},
				"down": {"uv": [12.125, 10.25, 12, 10.375], "texture": "#2"}
			}
		},
		{
			"from": [12, 14.55611, 2.72067],
			"to": [13, 16.55611, 8.72067],
			"rotation": {"angle": 22.5, "axis": "x", "origin": [8, 16.15433, 5.84567]},
			"faces": {
				"north": {"uv": [2.875, 11.75, 3, 12], "texture": "#2"},
				"east": {"uv": [9.75, 8.375, 10.5, 8.625], "texture": "#2"},
				"south": {"uv": [3.125, 11.75, 3.25, 12], "texture": "#2"},
				"west": {"uv": [9.875, 3.625, 10.625, 3.875], "texture": "#2"},
				"up": {"uv": [4.625, 11.875, 4.5, 11.125], "texture": "#2"},
				"down": {"uv": [6.875, 11.25, 6.75, 12], "texture": "#2"}
			}
		},
		{
			"from": [3, 14.55611, 2.72067],
			"to": [4, 16.55611, 8.72067],
			"rotation": {"angle": 22.5, "axis": "x", "origin": [8, 16.15433, 5.84567]},
			"faces": {
				"north": {"uv": [3.375, 11.75, 3.5, 12], "texture": "#2"},
				"east": {"uv": [9.875, 4, 10.625, 4.25], "texture": "#2"},
				"south": {"uv": [5.125, 11.75, 5.25, 12], "texture": "#2"},
				"west": {"uv": [10.125, 2, 10.875, 2.25], "texture": "#2"},
				"up": {"uv": [7.625, 12.125, 7.5, 11.375], "texture": "#2"},
				"down": {"uv": [7.875, 11.375, 7.75, 12.125], "texture": "#2"}
			}
		},
		{
			"from": [3, 14.55611, 1.72067],
			"to": [7, 16.55611, 2.72067],
			"rotation": {"angle": 22.5, "axis": "x", "origin": [8, 16.15433, 5.84567]},
			"faces": {
				"north": {"uv": [10.75, 11.125, 11.25, 11.375], "texture": "#2"},
				"east": {"uv": [5.375, 11.75, 5.5, 12], "texture": "#2"},
				"south": {"uv": [11.25, 0, 11.75, 0.25], "texture": "#2"},
				"west": {"uv": [5.625, 11.75, 5.75, 12], "texture": "#2"},
				"up": {"uv": [8.625, 7.125, 8.125, 7], "texture": "#2"},
				"down": {"uv": [12, 2.75, 11.5, 2.875], "texture": "#2"}
			}
		},
		{
			"from": [3, 14.55611, 8.72067],
			"to": [13, 16.55611, 9.72067],
			"rotation": {"angle": 22.5, "axis": "x", "origin": [8, 16.15433, 5.84567]},
			"faces": {
				"north": {"uv": [1.125, 9.125, 2.375, 9.375], "texture": "#2"},
				"east": {"uv": [5.875, 11.75, 6, 12], "texture": "#2"},
				"south": {"uv": [2.5, 9.125, 3.75, 9.375], "texture": "#2"},
				"west": {"uv": [6.125, 11.75, 6.25, 12], "texture": "#2"},
				"up": {"uv": [11.5, 6, 10.25, 5.875], "texture": "#2"},
				"down": {"uv": [11.625, 1.5, 10.375, 1.625], "texture": "#2"}
			}
		},
		{
			"name": "cube_outline",
			"from": [9.2, 17.25611, 3.02067],
			"to": [6.8, 13.85611, 0.62067],
			"rotation": {"angle": 22.5, "axis": "x", "origin": [8, 16.15433, 5.84567]},
			"faces": {
				"north": {"uv": [11.25, 10.5, 11.5, 10.875], "texture": "#2"},
				"east": {"uv": [11.375, 7, 11.625, 7.375], "texture": "#2"},
				"south": {"uv": [8, 11.375, 8.25, 11.75], "texture": "#2"},
				"west": {"uv": [8.375, 11.375, 8.625, 11.75], "texture": "#2"},
				"up": {"uv": [11.875, 10, 11.625, 9.75], "texture": "#2"},
				"down": {"uv": [11.875, 10.125, 11.625, 10.375], "texture": "#2"}
			}
		},
		{
			"name": "cube_outline",
			"from": [13.2, 16.75611, 2.92067],
			"to": [8.8, 14.35611, 1.52067],
			"rotation": {"angle": 22.5, "axis": "x", "origin": [8, 16.15433, 5.84567]},
			"faces": {
				"north": {"uv": [11.25, 0.375, 11.75, 0.625], "texture": "#2"},
				"east": {"uv": [6.375, 11.75, 6.5, 12], "texture": "#2"},
				"south": {"uv": [0.5, 11.25, 1, 11.5], "texture": "#2"},
				"west": {"uv": [11.75, 6.875, 11.875, 7.125], "texture": "#2"},
				"up": {"uv": [12.125, 6, 11.625, 5.875], "texture": "#2"},
				"down": {"uv": [12.125, 10.5, 11.625, 10.625], "texture": "#2"}
			}
		},
		{
			"name": "cube_outline",
			"from": [13.2, 17.75611, 2.92067],
			"to": [11.8, 16.35611, 1.52067],
			"rotation": {"angle": 22.5, "axis": "x", "origin": [8, 16.15433, 5.84567]},
			"faces": {
				"north": {"uv": [11.625, 12, 11.75, 12.125], "texture": "#2"},
				"east": {"uv": [11.875, 12, 12, 12.125], "texture": "#2"},
				"south": {"uv": [0, 12.125, 0.125, 12.25], "texture": "#2"},
				"west": {"uv": [12.125, 0, 12.25, 0.125], "texture": "#2"},
				"up": {"uv": [0.375, 12.25, 0.25, 12.125], "texture": "#2"},
				"down": {"uv": [12.25, 0.25, 12.125, 0.375], "texture": "#2"}
			}
		},
		{
			"name": "cube_outline",
			"from": [10.2, 17.75611, 2.92067],
			"to": [8.8, 16.35611, 1.52067],
			"rotation": {"angle": 22.5, "axis": "x", "origin": [8, 16.15433, 5.84567]},
			"faces": {
				"north": {"uv": [12.125, 0.5, 12.25, 0.625], "texture": "#2"},
				"east": {"uv": [12.125, 0.75, 12.25, 0.875], "texture": "#2"},
				"south": {"uv": [1.5, 12.125, 1.625, 12.25], "texture": "#2"},
				"west": {"uv": [1.75, 12.125, 1.875, 12.25], "texture": "#2"},
				"up": {"uv": [12.25, 2, 12.125, 1.875], "texture": "#2"},
				"down": {"uv": [2.125, 12.125, 2, 12.25], "texture": "#2"}
			}
		},
		{
			"name": "cube_outline",
			"from": [7.2, 17.75611, 2.92067],
			"to": [5.8, 16.35611, 1.52067],
			"rotation": {"angle": 22.5, "axis": "x", "origin": [8, 16.15433, 5.84567]},
			"faces": {
				"north": {"uv": [12.125, 2.125, 12.25, 2.25], "texture": "#2"},
				"east": {"uv": [2.25, 12.125, 2.375, 12.25], "texture": "#2"},
				"south": {"uv": [12.125, 2.375, 12.25, 2.5], "texture": "#2"},
				"west": {"uv": [2.5, 12.125, 2.625, 12.25], "texture": "#2"},
				"up": {"uv": [12.25, 2.75, 12.125, 2.625], "texture": "#2"},
				"down": {"uv": [2.875, 12.125, 2.75, 12.25], "texture": "#2"}
			}
		},
		{
			"name": "cube_outline",
			"from": [13.2, 17.75611, 9.92067],
			"to": [11.8, 16.35611, 8.52067],
			"rotation": {"angle": 22.5, "axis": "x", "origin": [8, 16.15433, 5.84567]},
			"faces": {
				"north": {"uv": [3, 12.125, 3.125, 12.25], "texture": "#2"},
				"east": {"uv": [3.25, 12.125, 3.375, 12.25], "texture": "#2"},
				"south": {"uv": [5, 12.125, 5.125, 12.25], "texture": "#2"},
				"west": {"uv": [5.25, 12.125, 5.375, 12.25], "texture": "#2"},
				"up": {"uv": [5.625, 12.25, 5.5, 12.125], "texture": "#2"},
				"down": {"uv": [5.875, 12.125, 5.75, 12.25], "texture": "#2"}
			}
		},
		{
			"name": "cube_outline",
			"from": [4.2, 17.75611, 9.92067],
			"to": [2.8, 16.35611, 8.52067],
			"rotation": {"angle": 22.5, "axis": "x", "origin": [8, 16.15433, 5.84567]},
			"faces": {
				"north": {"uv": [6, 12.125, 6.125, 12.25], "texture": "#2"},
				"east": {"uv": [12.125, 6.125, 12.25, 6.25], "texture": "#2"},
				"south": {"uv": [6.25, 12.125, 6.375, 12.25], "texture": "#2"},
				"west": {"uv": [6.5, 12.125, 6.625, 12.25], "texture": "#2"},
				"up": {"uv": [6.875, 12.25, 6.75, 12.125], "texture": "#2"},
				"down": {"uv": [12.25, 7.5, 12.125, 7.625], "texture": "#2"}
			}
		},
		{
			"name": "cube_outline",
			"from": [4.2, 17.75611, 2.92067],
			"to": [2.8, 16.35611, 1.52067],
			"rotation": {"angle": 22.5, "axis": "x", "origin": [8, 16.15433, 5.84567]},
			"faces": {
				"north": {"uv": [8, 12.125, 8.125, 12.25], "texture": "#2"},
				"east": {"uv": [8.25, 12.125, 8.375, 12.25], "texture": "#2"},
				"south": {"uv": [8.5, 12.125, 8.625, 12.25], "texture": "#2"},
				"west": {"uv": [10, 12.125, 10.125, 12.25], "texture": "#2"},
				"up": {"uv": [10.375, 12.25, 10.25, 12.125], "texture": "#2"},
				"down": {"uv": [10.625, 12.125, 10.5, 12.25], "texture": "#2"}
			}
		},
		{
			"name": "cube_outline",
			"from": [13.2, 16.75611, 8.92067],
			"to": [11.8, 14.35611, 2.52067],
			"rotation": {"angle": 22.5, "axis": "x", "origin": [8, 16.15433, 5.84567]},
			"faces": {
				"north": {"uv": [11.875, 0, 12, 0.25], "texture": "#2"},
				"east": {"uv": [10.125, 6.25, 10.875, 6.5], "texture": "#2"},
				"south": {"uv": [11.875, 0.375, 12, 0.625], "texture": "#2"},
				"west": {"uv": [10.125, 6.625, 10.875, 6.875], "texture": "#2"},
				"up": {"uv": [8.875, 12.125, 8.75, 11.375], "texture": "#2"},
				"down": {"uv": [9.125, 11.375, 9, 12.125], "texture": "#2"}
			}
		},
		{
			"name": "cube_outline",
			"from": [4.2, 16.75611, 8.92067],
			"to": [2.8, 14.35611, 2.52067],
			"rotation": {"angle": 22.5, "axis": "x", "origin": [8, 16.15433, 5.84567]},
			"faces": {
				"north": {"uv": [11.875, 0.75, 12, 1], "texture": "#2"},
				"east": {"uv": [10.25, 4.375, 11, 4.625], "texture": "#2"},
				"south": {"uv": [11.875, 1.875, 12, 2.125], "texture": "#2"},
				"west": {"uv": [10.25, 4.75, 11, 5], "texture": "#2"},
				"up": {"uv": [9.375, 12.125, 9.25, 11.375], "texture": "#2"},
				"down": {"uv": [11.5, 11, 11.375, 11.75], "texture": "#2"}
			}
		},
		{
			"name": "cube_outline",
			"from": [7.2, 16.75611, 2.92067],
			"to": [2.8, 14.35611, 1.52067],
			"rotation": {"angle": 22.5, "axis": "x", "origin": [8, 16.15433, 5.84567]},
			"faces": {
				"north": {"uv": [11.25, 0.75, 11.75, 1], "texture": "#2"},
				"east": {"uv": [11.875, 2.25, 12, 2.5], "texture": "#2"},
				"south": {"uv": [1.125, 11.25, 1.625, 11.5], "texture": "#2"},
				"west": {"uv": [3.625, 11.875, 3.75, 12.125], "texture": "#2"},
				"up": {"uv": [12.125, 10.875, 11.625, 10.75], "texture": "#2"},
				"down": {"uv": [12.125, 11, 11.625, 11.125], "texture": "#2"}
			}
		},
		{
			"name": "cube_outline",
			"from": [13.2, 16.75611, 9.92067],
			"to": [2.8, 14.35611, 8.52067],
			"rotation": {"angle": 22.5, "axis": "x", "origin": [8, 16.15433, 5.84567]},
			"faces": {
				"north": {"uv": [5.75, 9.125, 7, 9.375], "texture": "#2"},
				"east": {"uv": [4.75, 11.875, 4.875, 12.125], "texture": "#2"},
				"south": {"uv": [9.25, 8.75, 10.5, 9], "texture": "#2"},
				"west": {"uv": [11.875, 6.125, 12, 6.375], "texture": "#2"},
				"up": {"uv": [11.625, 1.875, 10.375, 1.75], "texture": "#2"},
				"down": {"uv": [11.625, 3, 10.375, 3.125], "texture": "#2"}
			}
		}
	],
	"display": {
		"thirdperson_righthand": {
			"rotation": [75, 45, 0],
			"translation": [0, 2.5, 0],
			"scale": [0.375, 0.375, 0.375]
		},
		"thirdperson_lefthand": {
			"rotation": [75, 45, 0],
			"translation": [0, 2.5, 0],
			"scale": [0.375, 0.375, 0.375]
		},
		"firstperson_righthand": {
			"rotation": [0, 115, 0],
			"translation": [2.5, 1.25, 0],
			"scale": [0.3, 0.3, 0.3]
		},
		"firstperson_lefthand": {
			"rotation": [0, 122, 0],
			"translation": [2, 1.5, 0],
			"scale": [0.3, 0.3, 0.3]
		},
		"ground": {
			"translation": [0, 2.5, 0],
			"scale": [0.25, 0.25, 0.25]
		},
		"gui": {
			"rotation": [25, 150, 0],
			"scale": [0.6, 0.6, 0.6]
		},
		"head": {
			"scale": [1.1, 1.1, 1.1]
		}
	},
	"groups": [
		{
			"name": "LockPick",
			"origin": [7.5, 11, -1],
			"color": 0,
			"children": [
				{
					"name": "Lock",
					"origin": [7.5, 11, -2],
					"color": 0,
					"children": [0, 1, 2, 3]
				},
				{
					"name": "Pick",
					"origin": [8, 10.37123, -2],
					"color": 0,
					"children": [4, 5, 6]
				}
			]
		},
		{
			"name": "Support",
			"origin": [11, 12, -2],
			"color": 0,
			"children": [7, 8, 9]
		},
		{
			"name": "Crate",
			"origin": [8, 8, 8],
			"color": 0,
			"children": [
				{
					"name": "Bottom Bits",
					"origin": [15.5, 1, 7.5],
					"color": 0,
					"children": [10, 11, 12, 13]
				},
				{
					"name": "Top Bits",
					"origin": [15.5, 1, 7.5],
					"color": 0,
					"children": [14, 15, 16, 17]
				},
				{
					"name": "Side Bits",
					"origin": [14, 0, 14],
					"color": 0,
					"children": [
						18,
						{
							"name": "Cross",
							"origin": [8, 7.5, 1],
							"color": 0,
							"children": [19, 20]
						},
						{
							"name": "Cross",
							"origin": [8, 7.5, 1],
							"color": 0,
							"children": [21, 22]
						},
						{
							"name": "Cross",
							"origin": [8, 7.5, 1],
							"color": 0,
							"children": [23, 24]
						},
						{
							"name": "Cross",
							"origin": [8, 7.5, 1],
							"color": 0,
							"children": [25, 26]
						},
						27,
						28,
						29
					]
				},
				{
					"name": "Inner Bits",
					"origin": [8, 8, 14],
					"color": 0,
					"children": [30, 31, 32, 33, 34, 35]
				},
				{
					"name": "Bottom Supports",
					"origin": [0.5, 0, 14.5],
					"color": 0,
					"children": [36, 37, 38, 39]
				},
				{
					"name": "Top Supports",
					"origin": [0.5, 0, 14.5],
					"color": 0,
					"children": [40, 41, 42, 43]
				}
			]
		},
		{
			"name": "Crown",
			"origin": [0, 0, 0],
			"color": 0,
			"children": [44, 45, 46, 47, 48, 49, 50, 51, 52, 53, 54, 55]
		},
		{
			"name": "Crown Outline",
			"origin": [8, 16.15433, 5.84567],
			"color": 0,
			"children": [56, 57, 58, 59, 60, 61, 62, 63, 64, 65, 66, 67]
		}
	]
}