{
	"credit": "Made with Blockbench",
	"texture_size": [64, 64],
	"textures": {
		"0": "the_vault:block/tool_station",
		"particle": "the_vault:block/tool_station"
	},
	"elements": [
		{
			"from": [0, 8, 0],
			"to": [16, 12, 16],
			"faces": {
				"north": {"uv": [0, 4, 4, 5], "texture": "#0"},
				"east": {"uv": [0, 4, 4, 5], "texture": "#0"},
				"south": {"uv": [0, 4, 4, 5], "texture": "#0"},
				"west": {"uv": [0, 4, 4, 5], "texture": "#0"},
				"up": {"uv": [0, 0, 4, 4], "rotation": 180, "texture": "#0"},
				"down": {"uv": [0, 5, 4, 9], "texture": "#0"}
			}
		},
		{
			"from": [1, 0, 1],
			"to": [5, 8, 5],
			"faces": {
				"north": {"uv": [4, 0, 5, 2], "texture": "#0"},
				"east": {"uv": [4, 0, 5, 2], "texture": "#0"},
				"south": {"uv": [4, 0, 5, 2], "texture": "#0"},
				"west": {"uv": [4, 0, 5, 2], "texture": "#0"},
				"up": {"uv": [4, 2, 5, 3], "texture": "#0"},
				"down": {"uv": [4, 2, 5, 3], "texture": "#0"}
			}
		},
		{
			"from": [1, 0, 11],
			"to": [5, 8, 15],
			"faces": {
				"north": {"uv": [4, 0, 5, 2], "texture": "#0"},
				"east": {"uv": [4, 0, 5, 2], "texture": "#0"},
				"south": {"uv": [4, 0, 5, 2], "texture": "#0"},
				"west": {"uv": [4, 0, 5, 2], "texture": "#0"},
				"up": {"uv": [4, 2, 5, 3], "texture": "#0"},
				"down": {"uv": [4, 2, 5, 3], "texture": "#0"}
			}
		},
		{
			"from": [11, 0, 11],
			"to": [15, 8, 15],
			"faces": {
				"north": {"uv": [4, 0, 5, 2], "texture": "#0"},
				"east": {"uv": [4, 0, 5, 2], "texture": "#0"},
				"south": {"uv": [4, 0, 5, 2], "texture": "#0"},
				"west": {"uv": [4, 0, 5, 2], "texture": "#0"},
				"up": {"uv": [4, 2, 5, 3], "texture": "#0"},
				"down": {"uv": [4, 2, 5, 3], "texture": "#0"}
			}
		},
		{
			"from": [11, 0, 1],
			"to": [15, 8, 5],
			"faces": {
				"north": {"uv": [4, 0, 5, 2], "texture": "#0"},
				"east": {"uv": [4, 0, 5, 2], "texture": "#0"},
				"south": {"uv": [4, 0, 5, 2], "texture": "#0"},
				"west": {"uv": [4, 0, 5, 2], "texture": "#0"},
				"up": {"uv": [4, 2, 5, 3], "texture": "#0"},
				"down": {"uv": [4, 2, 5, 3], "texture": "#0"}
			}
		},
		{
			"from": [5, 12, 3],
			"to": [7, 13, 13],
			"faces": {
				"north": {"uv": [2.5, 9, 2.75, 9.5], "rotation": 90, "texture": "#0"},
				"east": {"uv": [0, 9.75, 2.5, 10], "texture": "#0"},
				"south": {"uv": [2.5, 9, 2.75, 9.5], "rotation": 270, "texture": "#0"},
				"west": {"uv": [0, 9, 2.5, 9.25], "rotation": 180, "texture": "#0"},
				"up": {"uv": [0, 9.25, 2.5, 9.75], "rotation": 270, "texture": "#0"},
				"down": {"uv": [0, 9.25, 2.5, 9.75], "rotation": 270, "texture": "#0"}
			}
		},
		{
			"from": [9, 12, 3],
			"to": [11, 13, 13],
			"faces": {
				"north": {"uv": [2.5, 9, 2.75, 9.5], "rotation": 270, "texture": "#0"},
				"east": {"uv": [0, 9, 2.5, 9.25], "texture": "#0"},
				"south": {"uv": [2.5, 9, 2.75, 9.5], "rotation": 90, "texture": "#0"},
				"west": {"uv": [0, 9.75, 2.5, 10], "rotation": 180, "texture": "#0"},
				"up": {"uv": [0, 9.25, 2.5, 9.75], "rotation": 90, "texture": "#0"},
				"down": {"uv": [0, 9.25, 2.5, 9.75], "rotation": 90, "texture": "#0"}
			}
		},
		{
			"from": [15, 3, 3],
			"to": [16, 5, 13],
			"faces": {
				"north": {"uv": [2.5, 9, 2.75, 9.5], "texture": "#0"},
				"east": {"uv": [0, 9.25, 2.5, 9.75], "texture": "#0"},
				"south": {"uv": [2.5, 9, 2.75, 9.5], "texture": "#0"},
				"west": {"uv": [0, 9.25, 2.5, 9.75], "texture": "#0"},
				"up": {"uv": [0, 9, 2.5, 9.25], "rotation": 270, "texture": "#0"},
				"down": {"uv": [0, 9.75, 2.5, 10], "rotation": 90, "texture": "#0"}
			}
		},
		{
			"from": [14.9, 0, 11],
			"to": [15.9, 7, 12],
			"faces": {
				"north": {"uv": [4.25, 3.25, 4.5, 5], "texture": "#0"},
				"east": {"uv": [4, 3, 4.25, 4.75], "texture": "#0"},
				"south": {"uv": [4.25, 3, 4.5, 4.75], "texture": "#0"},
				"west": {"uv": [4.5, 3, 4.75, 4.75], "texture": "#0"},
				"up": {"uv": [4, 5.5, 4.25, 5.75], "rotation": 90, "texture": "#0"},
				"down": {"uv": [4, 5.5, 4.25, 5.75], "rotation": 270, "texture": "#0"}
			}
		},
		{
			"from": [14.9, 0, 9],
			"to": [15.9, 7, 10],
			"faces": {
				"north": {"uv": [4, 3, 4.25, 4.75], "texture": "#0"},
				"east": {"uv": [4.25, 3.25, 4.5, 5], "texture": "#0"},
				"south": {"uv": [4, 3.75, 4.25, 5.5], "texture": "#0"},
				"west": {"uv": [4.25, 3.75, 4.5, 5.5], "texture": "#0"},
				"up": {"uv": [4, 5.5, 4.25, 5.75], "rotation": 90, "texture": "#0"},
				"down": {"uv": [4, 5.5, 4.25, 5.75], "rotation": 270, "texture": "#0"}
			}
		},
		{
			"from": [14.9, 0, 4],
			"to": [15.9, 7, 5],
			"faces": {
				"north": {"uv": [4.5, 3, 4.75, 4.75], "texture": "#0"},
				"east": {"uv": [4, 3.5, 4.25, 5.25], "texture": "#0"},
				"south": {"uv": [4.5, 3.75, 4.75, 5.5], "texture": "#0"},
				"west": {"uv": [4, 3.25, 4.25, 5], "texture": "#0"},
				"up": {"uv": [4, 5.5, 4.25, 5.75], "rotation": 90, "texture": "#0"},
				"down": {"uv": [4, 5.5, 4.25, 5.75], "rotation": 270, "texture": "#0"}
			}
		},
		{
			"from": [2, 3, 2],
			"to": [14, 5, 14],
			"faces": {
				"north": {"uv": [5, 3, 8, 3.5], "texture": "#0"},
				"east": {"uv": [5, 3, 8, 3.5], "texture": "#0"},
				"south": {"uv": [5, 3, 8, 3.5], "texture": "#0"},
				"west": {"uv": [5, 3, 8, 3.5], "texture": "#0"},
				"up": {"uv": [5, 0, 8, 3], "texture": "#0"},
				"down": {"uv": [5, 0, 8, 3], "texture": "#0"}
			}
		}
	],
	"display": {
		"thirdperson_righthand": {
			"rotation": [75, 45, 0],
			"translation": [0, 2.5, 0],
			"scale": [0.375, 0.375, 0.375]
		},
		"firstperson_righthand": {
			"rotation": [0, 45, 0],
			"scale": [0.4, 0.4, 0.4]
		},
		"ground": {
			"translation": [0, 3, 0],
			"scale": [0.25, 0.25, 0.25]
		},
		"gui": {
			"rotation": [30, 225, 0],
			"scale": [0.625, 0.625, 0.625]
		},
		"fixed": {
			"scale": [0.5, 0.5, 0.5]
		}
	}
}