{
	"format_version": "1.21.6",
	"credit": "Made with Blockbench",
	"texture_size": [64, 64],
	"textures": {
		"3": "the_vault:block/unboxing_station",
		"particle": "the_vault:block/unboxing_station"
	},
	"elements": [
		{
			"from": [1, 8, 0.65],
			"to": [15, 10, 15.5],
			"rotation": {"angle": 0, "axis": "y", "origin": [8, 9, 8]},
			"faces": {
				"north": {"uv": [7.5, 1.5, 11, 2], "texture": "#3"},
				"east": {"uv": [7.5, 0, 11.25, 0.5], "texture": "#3"},
				"south": {"uv": [7.5, 2.25, 11, 2.75], "texture": "#3"},
				"west": {"uv": [7.5, 0.75, 11.25, 1.25], "texture": "#3"},
				"up": {"uv": [3.5, 3.75, 0, 0], "texture": "#3"},
				"down": {"uv": [7.25, 0, 3.75, 3.75], "texture": "#3"}
			}
		},
		{
			"from": [6, 0, 6],
			"to": [10, 8, 10],
			"faces": {
				"north": {"uv": [0, 6.75, 1, 8.75], "texture": "#3"},
				"east": {"uv": [1.25, 6.75, 2.25, 8.75], "texture": "#3"},
				"south": {"uv": [2.5, 6.75, 3.5, 8.75], "texture": "#3"},
				"west": {"uv": [3.75, 6.75, 4.75, 8.75], "texture": "#3"},
				"up": {"uv": [2.25, 10, 1.25, 9], "texture": "#3"},
				"down": {"uv": [3.5, 9, 2.5, 10], "texture": "#3"}
			}
		},
		{
			"from": [2, 0, 10],
			"to": [6, 1, 14],
			"faces": {
				"north": {"uv": [0, 10.5, 1, 10.75], "texture": "#3"},
				"east": {"uv": [11.5, 0.5, 12.5, 0.75], "texture": "#3"},
				"south": {"uv": [11.5, 1, 12.5, 1.25], "texture": "#3"},
				"west": {"uv": [1.5, 11.5, 2.5, 11.75], "texture": "#3"},
				"up": {"uv": [4.75, 10, 3.75, 9], "texture": "#3"},
				"down": {"uv": [10.25, 8.5, 9.25, 9.5], "texture": "#3"}
			}
		},
		{
			"from": [2, 0, 2],
			"to": [6, 1, 6],
			"faces": {
				"north": {"uv": [2.75, 11.5, 3.75, 11.75], "texture": "#3"},
				"east": {"uv": [4, 11.5, 5, 11.75], "texture": "#3"},
				"south": {"uv": [7.25, 11.5, 8.25, 11.75], "texture": "#3"},
				"west": {"uv": [5.25, 11.75, 6.25, 12], "texture": "#3"},
				"up": {"uv": [10.5, 6.5, 9.5, 5.5], "texture": "#3"},
				"down": {"uv": [10.5, 6.75, 9.5, 7.75], "texture": "#3"}
			}
		},
		{
			"from": [10, 0, 2],
			"to": [14, 1, 6],
			"faces": {
				"north": {"uv": [11.75, 11.25, 12.75, 11.5], "texture": "#3"},
				"east": {"uv": [11.75, 11.75, 12.75, 12], "texture": "#3"},
				"south": {"uv": [1.5, 12, 2.5, 12.25], "texture": "#3"},
				"west": {"uv": [2.75, 12, 3.75, 12.25], "texture": "#3"},
				"up": {"uv": [10.75, 4, 9.75, 3], "texture": "#3"},
				"down": {"uv": [10.75, 4.25, 9.75, 5.25], "texture": "#3"}
			}
		},
		{
			"from": [10, 0, 10],
			"to": [14, 1, 14],
			"faces": {
				"north": {"uv": [4, 12, 5, 12.25], "texture": "#3"},
				"east": {"uv": [7.25, 12, 8.25, 12.25], "texture": "#3"},
				"south": {"uv": [12, 8, 13, 8.25], "texture": "#3"},
				"west": {"uv": [8.5, 12, 9.5, 12.25], "texture": "#3"},
				"up": {"uv": [6, 10.75, 5, 9.75], "texture": "#3"},
				"down": {"uv": [7.25, 9.75, 6.25, 10.75], "texture": "#3"}
			}
		},
		{
			"from": [1, 0, 6],
			"to": [6, 2, 10],
			"rotation": {"angle": 0, "axis": "y", "origin": [0, 0, 16]},
			"faces": {
				"north": {"uv": [9.25, 9.75, 10.5, 10.25], "texture": "#3"},
				"east": {"uv": [7.5, 10.75, 8.5, 11.25], "texture": "#3"},
				"south": {"uv": [7.5, 10, 8.75, 10.5], "texture": "#3"},
				"west": {"uv": [11, 3.5, 12, 4], "texture": "#3"},
				"up": {"uv": [9.5, 4, 8.25, 3], "texture": "#3"},
				"down": {"uv": [9.5, 4.25, 8.25, 5.25], "texture": "#3"}
			}
		},
		{
			"from": [6, 0, 10],
			"to": [10, 2, 15],
			"faces": {
				"north": {"uv": [11, 4.25, 12, 4.75], "texture": "#3"},
				"east": {"uv": [1.25, 10.25, 2.5, 10.75], "texture": "#3"},
				"south": {"uv": [5.5, 11, 6.5, 11.5], "texture": "#3"},
				"west": {"uv": [2.75, 10.25, 4, 10.75], "texture": "#3"},
				"up": {"uv": [9.25, 6.75, 8.25, 5.5], "texture": "#3"},
				"down": {"uv": [9.25, 7, 8.25, 8.25], "texture": "#3"}
			}
		},
		{
			"from": [10, 0, 6],
			"to": [15, 2, 10],
			"faces": {
				"north": {"uv": [10.5, 8, 11.75, 8.5], "texture": "#3"},
				"east": {"uv": [11.25, 1.5, 12.25, 2], "texture": "#3"},
				"south": {"uv": [10.5, 8.75, 11.75, 9.25], "texture": "#3"},
				"west": {"uv": [11.25, 2.25, 12.25, 2.75], "texture": "#3"},
				"up": {"uv": [6.25, 9.5, 5, 8.5], "texture": "#3"},
				"down": {"uv": [7.75, 8.5, 6.5, 9.5], "texture": "#3"}
			}
		},
		{
			"from": [6, 0, 1],
			"to": [10, 2, 6],
			"rotation": {"angle": 0, "axis": "y", "origin": [16, 0, 0]},
			"faces": {
				"north": {"uv": [8.75, 11.25, 9.75, 11.75], "texture": "#3"},
				"east": {"uv": [9, 10.5, 10.25, 11], "texture": "#3"},
				"south": {"uv": [10, 11.25, 11, 11.75], "texture": "#3"},
				"west": {"uv": [10.5, 10.5, 11.75, 11], "texture": "#3"},
				"up": {"uv": [9, 9.75, 8, 8.5], "texture": "#3"},
				"down": {"uv": [1, 9, 0, 10.25], "texture": "#3"}
			}
		},
		{
			"from": [3.2, 9.97309, 3.25],
			"to": [12.8, 10.67309, 12.85],
			"rotation": {"angle": 0, "axis": "y", "origin": [8, 9.47309, 8.05]},
			"faces": {
				"north": {"uv": [10.75, 5.5, 13.25, 5.75], "texture": "#3"},
				"east": {"uv": [10.75, 5.5, 13.25, 5.75], "texture": "#3"},
				"south": {"uv": [10.75, 5.5, 13.25, 5.75], "texture": "#3"},
				"west": {"uv": [10.75, 5.5, 13.25, 5.75], "texture": "#3"},
				"up": {"uv": [2.5, 6.5, 0, 4], "texture": "#3"},
				"down": {"uv": [5.25, 4, 2.75, 6.5], "texture": "#3"}
			}
		},
		{
			"from": [3.2, 10.67309, 11.65],
			"to": [12.8, 11.87309, 12.85],
			"rotation": {"angle": 0, "axis": "y", "origin": [8, 10.67309, 8.05]},
			"faces": {
				"north": {"uv": [10.75, 6, 13.25, 6.25], "texture": "#3"},
				"east": {"uv": [5, 6.75, 5.25, 7], "texture": "#3"},
				"south": {"uv": [10.75, 6.5, 13.25, 6.75], "texture": "#3"},
				"west": {"uv": [5, 6.75, 5.25, 7], "texture": "#3"},
				"up": {"uv": [13.25, 7.25, 10.75, 7], "texture": "#3"},
				"down": {"uv": [13.25, 7.5, 10.75, 7.75], "texture": "#3"}
			}
		},
		{
			"from": [4.7, 10.37309, 12.85],
			"to": [6.5, 11.57309, 13.75],
			"rotation": {"angle": 0, "axis": "y", "origin": [8, 10.37309, 9.25]},
			"faces": {
				"north": {"uv": [7.5, 3, 8, 3.25], "texture": "#3"},
				"east": {"uv": [5, 7.25, 5.25, 7.5], "texture": "#3"},
				"south": {"uv": [7.5, 3, 8, 3.25], "texture": "#3"},
				"west": {"uv": [5, 7.75, 5.25, 8], "texture": "#3"},
				"up": {"uv": [8, 3.75, 7.5, 3.5], "texture": "#3"},
				"down": {"uv": [10, 8, 9.5, 8.25], "texture": "#3"}
			}
		},
		{
			"from": [9.5, 10.37309, 12.85],
			"to": [11.3, 11.57309, 13.75],
			"rotation": {"angle": 0, "axis": "y", "origin": [12.8, 10.37309, 9.25]},
			"faces": {
				"north": {"uv": [4.25, 10.25, 4.75, 10.5], "texture": "#3"},
				"east": {"uv": [12.25, 3.5, 12.5, 3.75], "texture": "#3"},
				"south": {"uv": [4.25, 10.25, 4.75, 10.5], "texture": "#3"},
				"west": {"uv": [12.25, 4, 12.5, 4.25], "texture": "#3"},
				"up": {"uv": [12.5, 8.75, 12, 8.5], "texture": "#3"},
				"down": {"uv": [12.5, 9, 12, 9.25], "texture": "#3"}
			}
		},
		{
			"from": [3.2, 10.97309, 11.47],
			"to": [12.8, 19.37309, 12.55],
			"rotation": {"angle": -22.5, "axis": "x", "origin": [8, 15.17309, 11.95]},
			"faces": {
				"north": {"uv": [5.5, 4, 8, 6], "texture": "#3"},
				"east": {"uv": [6.75, 11, 7, 13], "texture": "#3"},
				"south": {"uv": [5.5, 6.25, 8, 8.25], "texture": "#3"},
				"west": {"uv": [6.75, 11, 7, 13], "texture": "#3"},
				"up": {"uv": [13.25, 9.75, 10.75, 9.5], "texture": "#3"},
				"down": {"uv": [13.25, 10, 10.75, 10.25], "texture": "#3"}
			}
		},
		{
			"from": [11.85, 10.67309, 4.45],
			"to": [12.8, 11.87309, 11.65],
			"rotation": {"angle": 0, "axis": "y", "origin": [8, 10.67309, 8.05]},
			"faces": {
				"north": {"uv": [12.25, 4.5, 12.5, 4.75], "texture": "#3"},
				"east": {"uv": [11, 5, 12.75, 5.25], "texture": "#3"},
				"south": {"uv": [12.25, 4.5, 12.5, 4.75], "texture": "#3"},
				"west": {"uv": [11, 5, 12.75, 5.25], "texture": "#3"},
				"up": {"uv": [11.5, 13, 11.25, 11.25], "texture": "#3"},
				"down": {"uv": [0.25, 11.5, 0, 13.25], "texture": "#3"}
			}
		},
		{
			"from": [3.2, 10.67309, 4.45],
			"to": [4.15, 11.87309, 11.65],
			"rotation": {"angle": 0, "axis": "y", "origin": [8, 10.67309, 8.05]},
			"faces": {
				"north": {"uv": [5.25, 12.25, 5.5, 12.5], "texture": "#3"},
				"east": {"uv": [11.5, 0, 13.25, 0.25], "texture": "#3"},
				"south": {"uv": [5.25, 12.25, 5.5, 12.5], "texture": "#3"},
				"west": {"uv": [11.5, 0, 13.25, 0.25], "texture": "#3"},
				"up": {"uv": [0.75, 13.25, 0.5, 11.5], "texture": "#3"},
				"down": {"uv": [1.25, 11.5, 1, 13.25], "texture": "#3"}
			}
		},
		{
			"from": [3.2, 10.67309, 3.25],
			"to": [12.8, 11.87309, 4.45],
			"rotation": {"angle": 0, "axis": "y", "origin": [8, 10.67309, 8.05]},
			"faces": {
				"north": {"uv": [0, 11, 2.5, 11.25], "texture": "#3"},
				"east": {"uv": [5.75, 12.25, 6, 12.5], "texture": "#3"},
				"south": {"uv": [0, 11, 2.5, 11.25], "texture": "#3"},
				"west": {"uv": [5.75, 12.25, 6, 12.5], "texture": "#3"},
				"up": {"uv": [5.25, 11.25, 2.75, 11], "texture": "#3"},
				"down": {"uv": [13.5, 3, 11, 3.25], "texture": "#3"}
			}
		},
		{
			"from": [5.6, 10.25309, 2.05],
			"to": [6.8, 11.15309, 3.25],
			"rotation": {"angle": 0, "axis": "y", "origin": [8, 10.25309, 6.85]},
			"faces": {
				"north": {"uv": [6.25, 12.25, 6.5, 12.5], "texture": "#3"},
				"east": {"uv": [6.25, 12.25, 6.5, 12.5], "texture": "#3"},
				"south": {"uv": [6.25, 12.25, 6.5, 12.5], "texture": "#3"},
				"west": {"uv": [6.25, 12.25, 6.5, 12.5], "texture": "#3"},
				"up": {"uv": [12, 12.5, 11.75, 12.25], "texture": "#3"},
				"down": {"uv": [12.5, 12.25, 12.25, 12.5], "texture": "#3"}
			}
		},
		{
			"from": [6.8, 10.25309, 2.05],
			"to": [9.2, 11.15309, 2.35],
			"rotation": {"angle": 0, "axis": "y", "origin": [9.2, 10.25309, 6.85]},
			"faces": {
				"north": {"uv": [9.75, 12, 10.25, 12.25], "texture": "#3"},
				"east": {"uv": [1.5, 12.5, 1.75, 12.75], "texture": "#3"},
				"south": {"uv": [9.75, 12, 10.25, 12.25], "texture": "#3"},
				"west": {"uv": [1.5, 12.5, 1.75, 12.75], "texture": "#3"},
				"up": {"uv": [11, 12.25, 10.5, 12], "texture": "#3"},
				"down": {"uv": [12.5, 10.5, 12, 10.75], "texture": "#3"}
			}
		},
		{
			"from": [9.2, 10.25309, 2.05],
			"to": [10.4, 11.15309, 3.25],
			"rotation": {"angle": 0, "axis": "y", "origin": [8, 10.25309, 6.85]},
			"faces": {
				"north": {"uv": [12.5, 1.5, 12.75, 1.75], "texture": "#3"},
				"east": {"uv": [12.5, 1.5, 12.75, 1.75], "texture": "#3"},
				"south": {"uv": [12.5, 1.5, 12.75, 1.75], "texture": "#3"},
				"west": {"uv": [12.5, 1.5, 12.75, 1.75], "texture": "#3"},
				"up": {"uv": [2.25, 12.75, 2, 12.5], "texture": "#3"},
				"down": {"uv": [12.75, 2, 12.5, 2.25], "texture": "#3"}
			}
		}
	],
	"display": {
		"thirdperson_righthand": {
			"rotation": [75, 45, 0],
			"translation": [0, 2.5, 0],
			"scale": [0.375, 0.375, 0.375]
		},
		"thirdperson_lefthand": {
			"rotation": [75, 45, 0],
			"translation": [0, 2.5, 0],
			"scale": [0.375, 0.375, 0.375]
		},
		"firstperson_righthand": {
			"rotation": [0, 45, 0],
			"scale": [0.4, 0.4, 0.4]
		},
		"firstperson_lefthand": {
			"rotation": [0, -135, 0],
			"scale": [0.4, 0.4, 0.4]
		},
		"ground": {
			"translation": [0, 3, 0],
			"scale": [0.25, 0.25, 0.25]
		},
		"gui": {
			"rotation": [30, -135, 0],
			"scale": [0.625, 0.625, 0.625]
		},
		"head": {
			"translation": [0, 14.5, 0]
		},
		"fixed": {
			"scale": [0.5, 0.5, 0.5]
		}
	},
	"groups": [
		{
			"name": "Table",
			"origin": [0, 0, 0],
			"color": 0,
			"children": [0, 1]
		},
		{
			"name": "Base",
			"origin": [0, 0, 0],
			"color": 0,
			"children": [2, 3, 4, 5, 6, 7, 8, 9]
		},
		{
			"name": "Box",
			"origin": [8, 12.00054, 7.51978],
			"color": 0,
			"children": [10, 11, 12, 13, 14, 15, 16, 17, 18, 19, 20]
		}
	]
}