{
	"credit": "Made with Blockbench",
	"texture_size": [32, 32],
	"textures": {
		"1": "the_vault:block/unique_crate",
		"2": "the_vault:block/unique_crate_eyes",
		"particle": "the_vault:block/unique_crate_eyes"
	},
	"elements": [
		{
			"from": [3, -0.09, -0.37],
			"to": [13, 3.91, -0.37],
			"rotation": {"angle": -22.5, "axis": "x", "origin": [11.95, 0.9, -0.4]},
			"faces": {
				"north": {"uv": [6, 4.375, 7.25, 4.875], "texture": "#1"},
				"east": {"uv": [6.25, 7.75, 6.25, 8.25], "texture": "#1"},
				"south": {"uv": [6, 5, 7.25, 5.5], "texture": "#1"},
				"west": {"uv": [6.25, 8.375, 6.25, 8.875], "texture": "#1"},
				"up": {"uv": [12.75, 3.75, 11.5, 3.75], "texture": "#1"},
				"down": {"uv": [12.75, 5.75, 11.5, 5.75], "texture": "#1"}
			}
		},
		{
			"from": [16.37, -0.09, 3],
			"to": [16.37, 3.91, 13],
			"rotation": {"angle": -22.5, "axis": "z", "origin": [16.4, 0.9, 12]},
			"faces": {
				"north": {"uv": [9.75, 6.75, 9.75, 7.25], "texture": "#1"},
				"east": {"uv": [6, 5.625, 7.25, 6.125], "texture": "#1"},
				"south": {"uv": [10.125, 11.25, 10.125, 11.75], "texture": "#1"},
				"west": {"uv": [0, 6.25, 1.25, 6.75], "texture": "#1"},
				"up": {"uv": [7.125, 12.625, 7.125, 11.375], "texture": "#1"},
				"down": {"uv": [2.875, 11.5, 2.875, 12.75], "texture": "#1"}
			}
		},
		{
			"from": [-0.37, -0.09, 3],
			"to": [-0.37, 3.91, 13],
			"rotation": {"angle": 22.5, "axis": "z", "origin": [-0.4, 0.9, 12]},
			"faces": {
				"north": {"uv": [8.875, 11.5, 8.875, 12], "texture": "#1"},
				"east": {"uv": [1.375, 6.25, 2.625, 6.75], "texture": "#1"},
				"south": {"uv": [11.5, 9.5, 11.5, 10], "texture": "#1"},
				"west": {"uv": [6, 6.25, 7.25, 6.75], "texture": "#1"},
				"up": {"uv": [10.25, 12.75, 10.25, 11.5], "texture": "#1"},
				"down": {"uv": [10.375, 11.5, 10.375, 12.75], "texture": "#1"}
			}
		},
		{
			"from": [3, -0.09, 16.37],
			"to": [13, 3.91, 16.37],
			"rotation": {"angle": 22.5, "axis": "x", "origin": [11.95, 0.9, 16.4]},
			"faces": {
				"north": {"uv": [2.75, 6.625, 4, 7.125], "texture": "#1"},
				"east": {"uv": [10.5, 11.5, 10.5, 12], "texture": "#1"},
				"south": {"uv": [4.125, 6.75, 5.375, 7.25], "texture": "#1"},
				"west": {"uv": [0, 11.625, 0, 12.125], "texture": "#1"},
				"up": {"uv": [12.75, 6.875, 11.5, 6.875], "texture": "#1"},
				"down": {"uv": [12.75, 11, 11.5, 11], "texture": "#1"}
			}
		},
		{
			"from": [0.15, 3, 4],
			"to": [0.15, 11, 12],
			"rotation": {"angle": 22.5, "axis": "z", "origin": [0.15, 7, 8]},
			"faces": {
				"north": {"uv": [0.125, 11.625, 0.125, 12.625], "texture": "#1"},
				"east": {"uv": [4.875, 0, 5.875, 1], "texture": "#1"},
				"south": {"uv": [0.25, 11.625, 0.25, 12.625], "texture": "#1"},
				"west": {"uv": [4.875, 1.125, 5.875, 2.125], "texture": "#1"},
				"up": {"uv": [4.375, 12.625, 4.375, 11.625], "texture": "#1"},
				"down": {"uv": [4.5, 11.625, 4.5, 12.625], "texture": "#1"}
			}
		},
		{
			"from": [6.15, 14, -3],
			"to": [6.15, 22, 5],
			"rotation": {"angle": 45, "axis": "y", "origin": [6.15, 18, 1]},
			"faces": {
				"north": {"uv": [4.625, 11.625, 4.625, 12.625], "texture": "#1"},
				"east": {"uv": [4.875, 2.25, 5.875, 3.25], "texture": "#1"},
				"south": {"uv": [11.625, 7, 11.625, 8], "texture": "#1"},
				"west": {"uv": [4.875, 3.375, 5.875, 4.375], "texture": "#1"},
				"up": {"uv": [7.25, 12.625, 7.25, 11.625], "texture": "#1"},
				"down": {"uv": [7.375, 11.625, 7.375, 12.625], "texture": "#1"}
			}
		},
		{
			"from": [6.15, 14, -3],
			"to": [6.15, 22, 5],
			"rotation": {"angle": -22.5, "axis": "y", "origin": [6.15, 18, 1]},
			"faces": {
				"north": {"uv": [7.5, 11.625, 7.5, 12.625], "texture": "#1"},
				"east": {"uv": [4.875, 4.5, 5.875, 5.5], "texture": "#1"},
				"south": {"uv": [7.625, 11.625, 7.625, 12.625], "texture": "#1"},
				"west": {"uv": [4.875, 5.625, 5.875, 6.625], "texture": "#1"},
				"up": {"uv": [7.75, 12.625, 7.75, 11.625], "texture": "#1"},
				"down": {"uv": [7.875, 11.625, 7.875, 12.625], "texture": "#1"}
			}
		},
		{
			"from": [11.15, 14, 12.25],
			"to": [11.15, 20, 18.25],
			"rotation": {"angle": 45, "axis": "y", "origin": [11.15, 18, 15.25]},
			"faces": {
				"north": {"uv": [8, 11.625, 8, 12.375], "texture": "#1"},
				"east": {"uv": [0, 6.875, 0.75, 7.625], "texture": "#1"},
				"south": {"uv": [8.125, 11.625, 8.125, 12.375], "texture": "#1"},
				"west": {"uv": [0.875, 6.875, 1.625, 7.625], "texture": "#1"},
				"up": {"uv": [8.25, 12.375, 8.25, 11.625], "texture": "#1"},
				"down": {"uv": [11.625, 9.5, 11.625, 10.25], "texture": "#1"}
			}
		},
		{
			"from": [11.15, 14, 12.25],
			"to": [11.15, 20, 18.25],
			"rotation": {"angle": -22.5, "axis": "y", "origin": [11.15, 18, 15.25]},
			"faces": {
				"north": {"uv": [9.75, 11.625, 9.75, 12.375], "texture": "#1"},
				"east": {"uv": [1.75, 6.875, 2.5, 7.625], "texture": "#1"},
				"south": {"uv": [9.875, 11.625, 9.875, 12.375], "texture": "#1"},
				"west": {"uv": [5.5, 6.875, 6.25, 7.625], "texture": "#1"},
				"up": {"uv": [10, 12.375, 10, 11.625], "texture": "#1"},
				"down": {"uv": [11.625, 11.125, 11.625, 11.875], "texture": "#1"}
			}
		},
		{
			"from": [16, 9, 2],
			"to": [16, 13, 14],
			"rotation": {"angle": 0, "axis": "y", "origin": [16, 13, 3]},
			"faces": {
				"north": {"uv": [11.625, 5.875, 11.625, 6.375], "texture": "#1"},
				"east": {"uv": [6, 0, 7.5, 0.5], "texture": "#1"},
				"south": {"uv": [11.75, 0, 11.75, 0.5], "texture": "#1"},
				"west": {"uv": [6, 0.625, 7.5, 1.125], "texture": "#1"},
				"up": {"uv": [0.375, 13.25, 0.375, 11.75], "texture": "#1"},
				"down": {"uv": [0.5, 11.75, 0.5, 13.25], "texture": "#1"}
			}
		},
		{
			"from": [2, 9, 16],
			"to": [14, 13, 16],
			"rotation": {"angle": 0, "axis": "y", "origin": [13, 13, 16]},
			"faces": {
				"north": {"uv": [6, 1.25, 7.5, 1.75], "texture": "#1"},
				"east": {"uv": [0.625, 11.75, 0.625, 12.25], "texture": "#1"},
				"south": {"uv": [6, 1.875, 7.5, 2.375], "texture": "#1"},
				"west": {"uv": [0.75, 11.75, 0.75, 12.25], "texture": "#1"},
				"up": {"uv": [13.125, 0.625, 11.625, 0.625], "texture": "#1"},
				"down": {"uv": [13.125, 1.375, 11.625, 1.375], "texture": "#1"}
			}
		},
		{
			"from": [0, 9, 2],
			"to": [0, 13, 14],
			"rotation": {"angle": 0, "axis": "y", "origin": [2, 13, 3]},
			"faces": {
				"north": {"uv": [0.875, 11.75, 0.875, 12.25], "texture": "#1"},
				"east": {"uv": [6, 2.5, 7.5, 3], "texture": "#1"},
				"south": {"uv": [1, 11.75, 1, 12.25], "texture": "#1"},
				"west": {"uv": [6, 3.125, 7.5, 3.625], "texture": "#1"},
				"up": {"uv": [1.125, 13.25, 1.125, 11.75], "texture": "#1"},
				"down": {"uv": [1.25, 11.75, 1.25, 13.25], "texture": "#1"}
			}
		},
		{
			"from": [2, 9, 0],
			"to": [14, 13, 0],
			"rotation": {"angle": 0, "axis": "y", "origin": [13, 13, 2]},
			"faces": {
				"north": {"uv": [3.25, 6, 4.75, 6.5], "texture": "#1"},
				"east": {"uv": [1.375, 11.75, 1.375, 12.25], "texture": "#1"},
				"south": {"uv": [6, 3.75, 7.5, 4.25], "texture": "#1"},
				"west": {"uv": [1.5, 11.75, 1.5, 12.25], "texture": "#1"},
				"up": {"uv": [13.125, 1.5, 11.625, 1.5], "texture": "#1"},
				"down": {"uv": [13.125, 1.625, 11.625, 1.625], "texture": "#1"}
			}
		},
		{
			"from": [13, 0, -0.5],
			"to": [16.5, 3.5, 3],
			"rotation": {"angle": 0, "axis": "y", "origin": [16, 0, 0]},
			"faces": {
				"north": {"uv": [8.5, 5.5, 9, 6], "texture": "#1"},
				"east": {"uv": [8.625, 7.625, 9.125, 8.125], "texture": "#1"},
				"south": {"uv": [8.625, 8.25, 9.125, 8.75], "texture": "#1"},
				"west": {"uv": [2.625, 8.75, 3.125, 9.25], "texture": "#1"},
				"up": {"uv": [3.75, 9.25, 3.25, 8.75], "texture": "#1"},
				"down": {"uv": [9.25, 4.375, 8.75, 4.875], "texture": "#1"}
			}
		},
		{
			"from": [13, 0, 13],
			"to": [16.5, 3.5, 16.5],
			"rotation": {"angle": 0, "axis": "y", "origin": [16, 0, 14.25]},
			"faces": {
				"north": {"uv": [8.75, 6.125, 9.25, 6.625], "texture": "#1"},
				"east": {"uv": [8.625, 8.875, 9.125, 9.375], "texture": "#1"},
				"south": {"uv": [9, 1.125, 9.5, 1.625], "texture": "#1"},
				"west": {"uv": [9, 1.75, 9.5, 2.25], "texture": "#1"},
				"up": {"uv": [6.75, 9.5, 6.25, 9], "texture": "#1"},
				"down": {"uv": [7.375, 9, 6.875, 9.5], "texture": "#1"}
			}
		},
		{
			"from": [-0.5, 0, 13],
			"to": [3, 3.5, 16.5],
			"rotation": {"angle": 0, "axis": "y", "origin": [1.75, 0, 14.25]},
			"faces": {
				"north": {"uv": [7.5, 9, 8, 9.5], "texture": "#1"},
				"east": {"uv": [0, 9.125, 0.5, 9.625], "texture": "#1"},
				"south": {"uv": [0.625, 9.125, 1.125, 9.625], "texture": "#1"},
				"west": {"uv": [1.25, 9.125, 1.75, 9.625], "texture": "#1"},
				"up": {"uv": [2.375, 9.625, 1.875, 9.125], "texture": "#1"},
				"down": {"uv": [4.375, 9.125, 3.875, 9.625], "texture": "#1"}
			}
		},
		{
			"from": [-0.5, 0, -0.5],
			"to": [3, 3.5, 3],
			"rotation": {"angle": 0, "axis": "y", "origin": [1.75, 0, 0]},
			"faces": {
				"north": {"uv": [4.5, 9.125, 5, 9.625], "texture": "#1"},
				"east": {"uv": [5.125, 9.125, 5.625, 9.625], "texture": "#1"},
				"south": {"uv": [9.125, 5.5, 9.625, 6], "texture": "#1"},
				"west": {"uv": [9.125, 6.75, 9.625, 7.25], "texture": "#1"},
				"up": {"uv": [9.75, 7.875, 9.25, 7.375], "texture": "#1"},
				"down": {"uv": [9.75, 8, 9.25, 8.5], "texture": "#1"}
			}
		},
		{
			"from": [13, 12.5, -0.5],
			"to": [16.5, 16, 3],
			"rotation": {"angle": 0, "axis": "y", "origin": [16, 13, 0]},
			"faces": {
				"north": {"uv": [9.25, 8.625, 9.75, 9.125], "texture": "#1"},
				"east": {"uv": [9.25, 9.25, 9.75, 9.75], "texture": "#1"},
				"south": {"uv": [9.375, 0, 9.875, 0.5], "texture": "#1"},
				"west": {"uv": [9.375, 2.375, 9.875, 2.875], "texture": "#1"},
				"up": {"uv": [3, 9.875, 2.5, 9.375], "texture": "#1"},
				"down": {"uv": [9.875, 3, 9.375, 3.5], "texture": "#1"}
			}
		},
		{
			"from": [13, 12.5, 13],
			"to": [16.5, 16, 16.5],
			"rotation": {"angle": 0, "axis": "y", "origin": [16, 13, 14.25]},
			"faces": {
				"north": {"uv": [3.125, 9.375, 3.625, 9.875], "texture": "#1"},
				"east": {"uv": [9.375, 3.625, 9.875, 4.125], "texture": "#1"},
				"south": {"uv": [9.375, 4.25, 9.875, 4.75], "texture": "#1"},
				"west": {"uv": [9.375, 6.125, 9.875, 6.625], "texture": "#1"},
				"up": {"uv": [8.625, 10, 8.125, 9.5], "texture": "#1"},
				"down": {"uv": [10.125, 0.625, 9.625, 1.125], "texture": "#1"}
			}
		},
		{
			"from": [-0.5, 12.5, 13],
			"to": [3, 16, 16.5],
			"rotation": {"angle": 0, "axis": "y", "origin": [1.75, 13, 14.25]},
			"faces": {
				"north": {"uv": [9.625, 1.25, 10.125, 1.75], "texture": "#1"},
				"east": {"uv": [5.75, 9.625, 6.25, 10.125], "texture": "#1"},
				"south": {"uv": [6.375, 9.625, 6.875, 10.125], "texture": "#1"},
				"west": {"uv": [7, 9.625, 7.5, 10.125], "texture": "#1"},
				"up": {"uv": [0.5, 10.25, 0, 9.75], "texture": "#1"},
				"down": {"uv": [1.125, 9.75, 0.625, 10.25], "texture": "#1"}
			}
		},
		{
			"from": [-0.5, 12.5, -0.5],
			"to": [3, 16, 3],
			"rotation": {"angle": 0, "axis": "y", "origin": [1.75, 13, 0]},
			"faces": {
				"north": {"uv": [1.25, 9.75, 1.75, 10.25], "texture": "#1"},
				"east": {"uv": [1.875, 9.75, 2.375, 10.25], "texture": "#1"},
				"south": {"uv": [3.75, 9.75, 4.25, 10.25], "texture": "#1"},
				"west": {"uv": [4.375, 9.75, 4.875, 10.25], "texture": "#1"},
				"up": {"uv": [5.5, 10.25, 5, 9.75], "texture": "#1"},
				"down": {"uv": [10.25, 5.5, 9.75, 6], "texture": "#1"}
			}
		},
		{
			"from": [3, 0, 14],
			"to": [13, 2, 16],
			"rotation": {"angle": 0, "axis": "y", "origin": [13, 0, 16]},
			"faces": {
				"north": {"uv": [6.375, 6.875, 7.625, 7.125], "texture": "#1"},
				"east": {"uv": [9, 2.375, 9.25, 2.625], "texture": "#1"},
				"south": {"uv": [2.625, 7.25, 3.875, 7.5], "texture": "#1"},
				"west": {"uv": [6.5, 11.125, 6.75, 11.375], "texture": "#1"},
				"up": {"uv": [7.625, 7.5, 6.375, 7.25], "texture": "#1"},
				"down": {"uv": [5.25, 7.375, 4, 7.625], "texture": "#1"}
			}
		},
		{
			"from": [0, 0, 3],
			"to": [2, 2, 13],
			"rotation": {"angle": 0, "axis": "y", "origin": [2, 0, 3]},
			"faces": {
				"north": {"uv": [11.125, 8.5, 11.375, 8.75], "texture": "#1"},
				"east": {"uv": [7.375, 4.375, 8.625, 4.625], "texture": "#1"},
				"south": {"uv": [11.125, 8.875, 11.375, 9.125], "texture": "#1"},
				"west": {"uv": [7.375, 4.75, 8.625, 5], "texture": "#1"},
				"up": {"uv": [7.625, 6.375, 7.375, 5.125], "texture": "#1"},
				"down": {"uv": [7.875, 0, 7.625, 1.25], "texture": "#1"}
			}
		},
		{
			"from": [3, 0, 0],
			"to": [13, 2, 2],
			"rotation": {"angle": 0, "axis": "y", "origin": [13, 0, 2]},
			"faces": {
				"north": {"uv": [7.375, 6.5, 8.625, 6.75], "texture": "#1"},
				"east": {"uv": [11.125, 11, 11.375, 11.25], "texture": "#1"},
				"south": {"uv": [7.625, 1.375, 8.875, 1.625], "texture": "#1"},
				"west": {"uv": [11.25, 1.375, 11.5, 1.625], "texture": "#1"},
				"up": {"uv": [8.875, 2, 7.625, 1.75], "texture": "#1"},
				"down": {"uv": [8.875, 2.125, 7.625, 2.375], "texture": "#1"}
			}
		},
		{
			"from": [14, 0, 3],
			"to": [16, 2, 13],
			"rotation": {"angle": 0, "axis": "y", "origin": [16, 0, 3]},
			"faces": {
				"north": {"uv": [11.25, 4.25, 11.5, 4.5], "texture": "#1"},
				"east": {"uv": [7.625, 2.5, 8.875, 2.75], "texture": "#1"},
				"south": {"uv": [4.375, 11.25, 4.625, 11.5], "texture": "#1"},
				"west": {"uv": [2.625, 7.625, 3.875, 7.875], "texture": "#1"},
				"up": {"uv": [7.875, 4.125, 7.625, 2.875], "texture": "#1"},
				"down": {"uv": [6.625, 7.625, 6.375, 8.875], "texture": "#1"}
			}
		},
		{
			"from": [13.65, 3, 0.35],
			"to": [15.65, 13, 2.35],
			"rotation": {"angle": 0, "axis": "y", "origin": [14.65, 8, 1.35]},
			"faces": {
				"north": {"uv": [6.75, 7.625, 7, 8.875], "texture": "#1"},
				"east": {"uv": [7.125, 7.625, 7.375, 8.875], "texture": "#1"},
				"south": {"uv": [7.5, 7.625, 7.75, 8.875], "texture": "#1"},
				"west": {"uv": [0, 7.75, 0.25, 9], "texture": "#1"},
				"up": {"uv": [11.5, 6.125, 11.25, 5.875], "texture": "#1"},
				"down": {"uv": [11.5, 6.25, 11.25, 6.5], "texture": "#1"}
			}
		},
		{
			"from": [13.65, 3, 13.6],
			"to": [15.65, 13, 15.6],
			"rotation": {"angle": 0, "axis": "y", "origin": [14.65, 8, 14.6]},
			"faces": {
				"north": {"uv": [0.375, 7.75, 0.625, 9], "texture": "#1"},
				"east": {"uv": [0.75, 7.75, 1, 9], "texture": "#1"},
				"south": {"uv": [1.125, 7.75, 1.375, 9], "texture": "#1"},
				"west": {"uv": [1.5, 7.75, 1.75, 9], "texture": "#1"},
				"up": {"uv": [7.5, 11.5, 7.25, 11.25], "texture": "#1"},
				"down": {"uv": [7.875, 11.25, 7.625, 11.5], "texture": "#1"}
			}
		},
		{
			"from": [0.4, 3, 0.35],
			"to": [2.4, 13, 2.35],
			"rotation": {"angle": 0, "axis": "y", "origin": [1.4, 8, 1.35]},
			"faces": {
				"north": {"uv": [1.875, 7.75, 2.125, 9], "texture": "#1"},
				"east": {"uv": [2.25, 7.75, 2.5, 9], "texture": "#1"},
				"south": {"uv": [4, 7.75, 4.25, 9], "texture": "#1"},
				"west": {"uv": [4.375, 7.75, 4.625, 9], "texture": "#1"},
				"up": {"uv": [8.25, 11.5, 8, 11.25], "texture": "#1"},
				"down": {"uv": [10, 11.25, 9.75, 11.5], "texture": "#1"}
			}
		},
		{
			"from": [0.4, 3, 13.6],
			"to": [2.4, 13, 15.6],
			"rotation": {"angle": 0, "axis": "y", "origin": [1.4, 8, 14.6]},
			"faces": {
				"north": {"uv": [4.75, 7.75, 5, 9], "texture": "#1"},
				"east": {"uv": [5.125, 7.75, 5.375, 9], "texture": "#1"},
				"south": {"uv": [7.75, 5.125, 8, 6.375], "texture": "#1"},
				"west": {"uv": [5.5, 7.75, 5.75, 9], "texture": "#1"},
				"up": {"uv": [11.625, 0.25, 11.375, 0], "texture": "#1"},
				"down": {"uv": [0.625, 11.375, 0.375, 11.625], "texture": "#1"}
			}
		},
		{
			"from": [14, 13, 3],
			"to": [16, 15, 13],
			"rotation": {"angle": 0, "axis": "y", "origin": [16, 13, 3]},
			"faces": {
				"north": {"uv": [0.75, 11.375, 1, 11.625], "texture": "#1"},
				"east": {"uv": [7.75, 6.875, 9, 7.125], "texture": "#1"},
				"south": {"uv": [1.125, 11.375, 1.375, 11.625], "texture": "#1"},
				"west": {"uv": [7.75, 7.25, 9, 7.5], "texture": "#1"},
				"up": {"uv": [6.125, 9, 5.875, 7.75], "texture": "#1"},
				"down": {"uv": [8.125, 7.625, 7.875, 8.875], "texture": "#1"}
			}
		},
		{
			"from": [3, 13, 14],
			"to": [13, 15, 16],
			"rotation": {"angle": 0, "axis": "y", "origin": [13, 13, 16]},
			"faces": {
				"north": {"uv": [8, 0, 9.25, 0.25], "texture": "#1"},
				"east": {"uv": [1.5, 11.375, 1.75, 11.625], "texture": "#1"},
				"south": {"uv": [8, 0.375, 9.25, 0.625], "texture": "#1"},
				"west": {"uv": [1.875, 11.375, 2.125, 11.625], "texture": "#1"},
				"up": {"uv": [9.25, 1, 8, 0.75], "texture": "#1"},
				"down": {"uv": [3.875, 8, 2.625, 8.25], "texture": "#1"}
			}
		},
		{
			"from": [0, 13, 3],
			"to": [2, 15, 13],
			"rotation": {"angle": 0, "axis": "y", "origin": [2, 13, 3]},
			"faces": {
				"north": {"uv": [3, 11.375, 3.25, 11.625], "texture": "#1"},
				"east": {"uv": [8, 2.875, 9.25, 3.125], "texture": "#1"},
				"south": {"uv": [3.375, 11.375, 3.625, 11.625], "texture": "#1"},
				"west": {"uv": [8, 3.25, 9.25, 3.5], "texture": "#1"},
				"up": {"uv": [8.375, 6.375, 8.125, 5.125], "texture": "#1"},
				"down": {"uv": [8.5, 7.625, 8.25, 8.875], "texture": "#1"}
			}
		},
		{
			"from": [3, 13, 0],
			"to": [13, 15, 2],
			"rotation": {"angle": 0, "axis": "y", "origin": [13, 13, 2]},
			"faces": {
				"north": {"uv": [8, 3.625, 9.25, 3.875], "texture": "#1"},
				"east": {"uv": [11.375, 3.875, 11.625, 4.125], "texture": "#1"},
				"south": {"uv": [8, 4, 9.25, 4.25], "texture": "#1"},
				"west": {"uv": [4.75, 11.375, 5, 11.625], "texture": "#1"},
				"up": {"uv": [3.875, 8.625, 2.625, 8.375], "texture": "#1"},
				"down": {"uv": [9.75, 5.125, 8.5, 5.375], "texture": "#1"}
			}
		},
		{
			"from": [2.05, 2, 14.75],
			"to": [14.05, 13, 14.75],
			"rotation": {"angle": 0, "axis": "y", "origin": [12.05, 2, 14.75]},
			"faces": {
				"north": {"uv": [0, 3.25, 1.5, 4.625], "texture": "#1"},
				"east": {"uv": [1.625, 11.75, 1.625, 13.125], "texture": "#1"},
				"south": {"uv": [3.25, 0, 4.75, 1.375], "texture": "#1"},
				"west": {"uv": [1.75, 11.75, 1.75, 13.125], "texture": "#1"},
				"up": {"uv": [13.125, 4.25, 11.625, 4.25], "texture": "#1"},
				"down": {"uv": [13.125, 4.375, 11.625, 4.375], "texture": "#1"}
			}
		},
		{
			"from": [1.75, 2, 2.25],
			"to": [1.75, 13, 14.25],
			"rotation": {"angle": 0, "axis": "y", "origin": [1.75, 2, 4.25]},
			"faces": {
				"north": {"uv": [1.875, 11.75, 1.875, 13.125], "texture": "#1"},
				"east": {"uv": [3.25, 1.5, 4.75, 2.875], "texture": "#1"},
				"south": {"uv": [2, 11.75, 2, 13.125], "texture": "#1"},
				"west": {"uv": [1.625, 3.25, 3.125, 4.625], "texture": "#1"},
				"up": {"uv": [2.125, 13.25, 2.125, 11.75], "texture": "#1"},
				"down": {"uv": [2.5, 11.75, 2.5, 13.25], "texture": "#1"}
			}
		},
		{
			"from": [2, 14, 2],
			"to": [14, 14, 14],
			"rotation": {"angle": 0, "axis": "y", "origin": [12, 14, 13]},
			"faces": {
				"north": {"uv": [11.625, 4.5, 13.125, 4.5], "texture": "#1"},
				"east": {"uv": [11.625, 6.5, 13.125, 6.5], "texture": "#1"},
				"south": {"uv": [11.625, 8.125, 13.125, 8.125], "texture": "#1"},
				"west": {"uv": [11.625, 8.25, 13.125, 8.25], "texture": "#1"},
				"up": {"uv": [1.5, 1.5, 0, 0], "texture": "#1"},
				"down": {"uv": [1.5, 1.625, 0, 3.125], "texture": "#1"}
			}
		},
		{
			"from": [14.25, 2, 2.25],
			"to": [14.25, 13, 14.25],
			"rotation": {"angle": 0, "axis": "y", "origin": [14.25, 2, 4.25]},
			"faces": {
				"north": {"uv": [2.625, 11.75, 2.625, 13.125], "texture": "#1"},
				"east": {"uv": [3.25, 3, 4.75, 4.375], "texture": "#1"},
				"south": {"uv": [2.75, 11.75, 2.75, 13.125], "texture": "#1"},
				"west": {"uv": [3.25, 4.5, 4.75, 5.875], "texture": "#1"},
				"up": {"uv": [3, 13.25, 3, 11.75], "texture": "#1"},
				"down": {"uv": [3.125, 11.75, 3.125, 13.25], "texture": "#1"}
			}
		},
		{
			"from": [2, 2, 1.75],
			"to": [14, 13, 1.75],
			"rotation": {"angle": 0, "axis": "y", "origin": [12, 2, 1.75]},
			"faces": {
				"north": {"uv": [0, 4.75, 1.5, 6.125], "texture": "#1"},
				"east": {"uv": [3.25, 11.75, 3.25, 13.125], "texture": "#1"},
				"south": {"uv": [1.625, 4.75, 3.125, 6.125], "texture": "#1"},
				"west": {"uv": [3.375, 11.75, 3.375, 13.125], "texture": "#1"},
				"up": {"uv": [13.125, 8.375, 11.625, 8.375], "texture": "#1"},
				"down": {"uv": [13.125, 10.375, 11.625, 10.375], "texture": "#1"}
			}
		},
		{
			"from": [2, 1, 2],
			"to": [14, 1, 14],
			"rotation": {"angle": 0, "axis": "y", "origin": [12, 1, 13]},
			"faces": {
				"north": {"uv": [11.625, 10.5, 13.125, 10.5], "texture": "#1"},
				"east": {"uv": [11.625, 10.625, 13.125, 10.625], "texture": "#1"},
				"south": {"uv": [11.75, 0.75, 13.25, 0.75], "texture": "#1"},
				"west": {"uv": [11.75, 0.875, 13.25, 0.875], "texture": "#1"},
				"up": {"uv": [3.125, 1.5, 1.625, 0], "texture": "#1"},
				"down": {"uv": [3.125, 1.625, 1.625, 3.125], "texture": "#1"}
			}
		},
		{
			"name": "Eyes",
			"from": [2, 2, 1.75],
			"to": [14, 13, 1.75],
			"rotation": {"angle": 0, "axis": "y", "origin": [12, 2, 1.75]},
			"faces": {
				"north": {"uv": [0, 0, 6, 5.5], "texture": "#2"},
				"east": {"uv": [6.5, 0, 6.5, 5.5], "texture": "#2"},
				"south": {"uv": [0, 6, 6, 11.5], "texture": "#2"},
				"west": {"uv": [6.5, 6, 6.5, 11.5], "texture": "#2"},
				"up": {"uv": [13, 0, 7, 0], "texture": "#2"},
				"down": {"uv": [13, 0.5, 7, 0.5], "texture": "#2"}
			}
		},
		{
			"from": [10.45, 13, 4],
			"to": [13.45, 18, 7],
			"rotation": {"angle": 22.5, "axis": "z", "origin": [11.95, 15, 5.5]},
			"faces": {
				"north": {"uv": [8.75, 9.5, 9.125, 10.125], "texture": "#1"},
				"east": {"uv": [7.625, 9.625, 8, 10.25], "texture": "#1"},
				"south": {"uv": [9.875, 6.75, 10.25, 7.375], "texture": "#1"},
				"west": {"uv": [9.875, 7.5, 10.25, 8.125], "texture": "#1"},
				"up": {"uv": [8.5, 9.375, 8.125, 9], "texture": "#1"},
				"down": {"uv": [6.125, 9.125, 5.75, 9.5], "texture": "#1"}
			}
		},
		{
			"from": [10.43326, 16.38266, 4.01],
			"to": [13.43326, 21.38266, 6.99],
			"rotation": {"angle": -22.5, "axis": "z", "origin": [11.93326, 19.38266, 5.5]},
			"faces": {
				"north": {"uv": [9.875, 8.25, 10.25, 8.875], "texture": "#1"},
				"east": {"uv": [9.875, 9, 10.25, 9.625], "texture": "#1"},
				"south": {"uv": [9.25, 9.875, 9.625, 10.5], "texture": "#1"},
				"west": {"uv": [9.75, 9.875, 10.125, 10.5], "texture": "#1"},
				"up": {"uv": [7.875, 10.75, 7.5, 10.375], "texture": "#1"},
				"down": {"uv": [10.875, 2.375, 10.5, 2.75], "texture": "#1"}
			}
		},
		{
			"from": [11.35533, 19.79012, 4.02],
			"to": [16.35533, 21.79012, 6.98],
			"rotation": {"angle": 0, "axis": "y", "origin": [13.85533, 20.79012, 5.5]},
			"faces": {
				"north": {"uv": [10.375, 7.125, 11, 7.375], "texture": "#1"},
				"east": {"uv": [2.75, 6.25, 3.125, 6.5], "texture": "#1"},
				"south": {"uv": [10.375, 7.5, 11, 7.75], "texture": "#1"},
				"west": {"uv": [1, 11, 1.375, 11.25], "texture": "#1"},
				"up": {"uv": [10.25, 2.25, 9.625, 1.875], "texture": "#1"},
				"down": {"uv": [10.5, 4.875, 9.875, 5.25], "texture": "#1"}
			}
		},
		{
			"from": [17.60533, 18.54012, 4.01],
			"to": [21.60533, 20.54012, 6.99],
			"rotation": {"angle": 22.5, "axis": "z", "origin": [20.30533, 18.54012, 5.5]},
			"faces": {
				"north": {"uv": [10.375, 9.375, 10.875, 9.625], "texture": "#1"},
				"east": {"uv": [1.5, 11, 1.875, 11.25], "texture": "#1"},
				"south": {"uv": [10.625, 4.375, 11.125, 4.625], "texture": "#1"},
				"west": {"uv": [2, 11, 2.375, 11.25], "texture": "#1"},
				"up": {"uv": [10.5, 4.75, 10, 4.375], "texture": "#1"},
				"down": {"uv": [10.5, 6.125, 10, 6.5], "texture": "#1"}
			}
		},
		{
			"from": [21.60533, 18.54012, 4.51],
			"to": [22.60533, 22.54012, 6.49],
			"rotation": {"angle": 22.5, "axis": "z", "origin": [20.30533, 18.54012, 5.5]},
			"faces": {
				"north": {"uv": [9, 11.125, 9.125, 11.625], "texture": "#1"},
				"east": {"uv": [5.25, 10.375, 5.5, 10.875], "texture": "#1"},
				"south": {"uv": [2.25, 11.375, 2.375, 11.875], "texture": "#1"},
				"west": {"uv": [10.625, 4.75, 10.875, 5.25], "texture": "#1"},
				"up": {"uv": [8.625, 6.375, 8.5, 6.125], "texture": "#1"},
				"down": {"uv": [9.5, 0.625, 9.375, 0.875], "texture": "#1"}
			}
		},
		{
			"from": [20.35533, 22.04012, 4.51],
			"to": [21.60533, 22.54012, 6.49],
			"rotation": {"angle": 22.5, "axis": "z", "origin": [20.30533, 18.54012, 5.5]},
			"faces": {
				"north": {"uv": [8.75, 1.125, 8.875, 1.25], "texture": "#1"},
				"east": {"uv": [8, 1.125, 8.25, 1.25], "texture": "#1"},
				"south": {"uv": [10.375, 5.875, 10.5, 6], "texture": "#1"},
				"west": {"uv": [8.375, 1.125, 8.625, 1.25], "texture": "#1"},
				"up": {"uv": [3.625, 10.25, 3.5, 10], "texture": "#1"},
				"down": {"uv": [11.25, 11.375, 11.125, 11.625], "texture": "#1"}
			}
		},
		{
			"from": [15.03, 18.67, 4.03],
			"to": [19.03, 20.67, 6.97],
			"rotation": {"angle": -45, "axis": "z", "origin": [17.04718, 19.62339, 5.5]},
			"faces": {
				"north": {"uv": [10.625, 5.875, 11.125, 6.125], "texture": "#1"},
				"east": {"uv": [11, 2.375, 11.375, 2.625], "texture": "#1"},
				"south": {"uv": [10.625, 6.25, 11.125, 6.5], "texture": "#1"},
				"west": {"uv": [11, 2.75, 11.375, 3], "texture": "#1"},
				"up": {"uv": [10.75, 1.625, 10.25, 1.25], "texture": "#1"},
				"down": {"uv": [6.125, 10.25, 5.625, 10.625], "texture": "#1"}
			}
		},
		{
			"from": [1.81674, 12.88266, 10.01],
			"to": [4.81674, 17.88266, 12.99],
			"rotation": {"angle": 22.5, "axis": "z", "origin": [3.31674, 15.88266, 11.5]},
			"faces": {
				"north": {"uv": [10, 2.375, 10.375, 3], "texture": "#1"},
				"east": {"uv": [2.5, 10, 2.875, 10.625], "texture": "#1"},
				"south": {"uv": [3, 10, 3.375, 10.625], "texture": "#1"},
				"west": {"uv": [10, 3.125, 10.375, 3.75], "texture": "#1"},
				"up": {"uv": [10.875, 3.25, 10.5, 2.875], "texture": "#1"},
				"down": {"uv": [10.875, 3.375, 10.5, 3.75], "texture": "#1"}
			}
		},
		{
			"from": [-1.10533, 16.29012, 10.02],
			"to": [3.89467, 18.29012, 12.98],
			"rotation": {"angle": 0, "axis": "y", "origin": [1.39467, 17.29012, 11.5]},
			"faces": {
				"north": {"uv": [10.375, 7.875, 11, 8.125], "texture": "#1"},
				"east": {"uv": [11, 3.125, 11.375, 3.375], "texture": "#1"},
				"south": {"uv": [10.375, 8.25, 11, 8.5], "texture": "#1"},
				"west": {"uv": [3.5, 11, 3.875, 11.25], "texture": "#1"},
				"up": {"uv": [10.625, 0.375, 10, 0], "texture": "#1"},
				"down": {"uv": [10.625, 3.875, 10, 4.25], "texture": "#1"}
			}
		},
		{
			"from": [-6.35533, 15.04012, 10.01],
			"to": [-2.35533, 17.04012, 12.99],
			"rotation": {"angle": -22.5, "axis": "z", "origin": [-5.05533, 15.04012, 11.5]},
			"faces": {
				"north": {"uv": [9.25, 10.625, 9.75, 10.875], "texture": "#1"},
				"east": {"uv": [11, 3.5, 11.375, 3.75], "texture": "#1"},
				"south": {"uv": [10.75, 0, 11.25, 0.25], "texture": "#1"},
				"west": {"uv": [11, 4.75, 11.375, 5], "texture": "#1"},
				"up": {"uv": [6.75, 10.625, 6.25, 10.25], "texture": "#1"},
				"down": {"uv": [7.375, 10.25, 6.875, 10.625], "texture": "#1"}
			}
		},
		{
			"from": [-7.35533, 15.04012, 10.51],
			"to": [-6.35533, 19.04012, 12.49],
			"rotation": {"angle": -22.5, "axis": "z", "origin": [-5.05533, 15.04012, 11.5]},
			"faces": {
				"north": {"uv": [3.75, 11.375, 3.875, 11.875], "texture": "#1"},
				"east": {"uv": [9.875, 10.625, 10.125, 11.125], "texture": "#1"},
				"south": {"uv": [5.125, 11.375, 5.25, 11.875], "texture": "#1"},
				"west": {"uv": [10.75, 0.375, 11, 0.875], "texture": "#1"},
				"up": {"uv": [11.5, 11.625, 11.375, 11.375], "texture": "#1"},
				"down": {"uv": [11.625, 0.75, 11.5, 1], "texture": "#1"}
			}
		},
		{
			"from": [-6.35533, 18.54012, 10.51],
			"to": [-5.10533, 19.04012, 12.49],
			"rotation": {"angle": -22.5, "axis": "z", "origin": [-5.05533, 15.04012, 11.5]},
			"faces": {
				"north": {"uv": [11.25, 1.75, 11.375, 1.875], "texture": "#1"},
				"east": {"uv": [9.375, 4.875, 9.625, 5], "texture": "#1"},
				"south": {"uv": [11.5, 6.625, 11.625, 6.75], "texture": "#1"},
				"west": {"uv": [11.125, 0.75, 11.375, 0.875], "texture": "#1"},
				"up": {"uv": [11.625, 2, 11.5, 1.75], "texture": "#1"},
				"down": {"uv": [11.625, 2.125, 11.5, 2.375], "texture": "#1"}
			}
		},
		{
			"from": [-3.78, 15.17, 10.03],
			"to": [0.22, 17.17, 12.97],
			"rotation": {"angle": 45, "axis": "z", "origin": [-1.79718, 16.12339, 11.5]},
			"faces": {
				"north": {"uv": [2.5, 10.75, 3, 11], "texture": "#1"},
				"east": {"uv": [5, 11, 5.375, 11.25], "texture": "#1"},
				"south": {"uv": [10.75, 3.875, 11.25, 4.125], "texture": "#1"},
				"west": {"uv": [11, 5.125, 11.375, 5.375], "texture": "#1"},
				"up": {"uv": [9.125, 10.625, 8.625, 10.25], "texture": "#1"},
				"down": {"uv": [10.75, 9.75, 10.25, 10.125], "texture": "#1"}
			}
		},
		{
			"from": [9.83674, 4.29012, 12.92208],
			"to": [12.79674, 6.29012, 17.92208],
			"rotation": {"angle": 0, "axis": "y", "origin": [11.31674, 5.29012, 15.42208]},
			"faces": {
				"north": {"uv": [11, 5.5, 11.375, 5.75], "texture": "#1"},
				"east": {"uv": [10.375, 8.625, 11, 8.875], "texture": "#1"},
				"south": {"uv": [11, 6.625, 11.375, 6.875], "texture": "#1"},
				"west": {"uv": [10.375, 9, 11, 9.25], "texture": "#1"},
				"up": {"uv": [8.5, 10.75, 8.125, 10.125], "texture": "#1"},
				"down": {"uv": [10.625, 0.5, 10.25, 1.125], "texture": "#1"}
			}
		},
		{
			"from": [9.82674, 3.04012, 19.17208],
			"to": [12.80674, 5.04012, 23.17208],
			"rotation": {"angle": -22.5, "axis": "x", "origin": [11.31674, 3.04012, 21.87208]},
			"faces": {
				"north": {"uv": [9.25, 11, 9.625, 11.25], "texture": "#1"},
				"east": {"uv": [5.625, 10.75, 6.125, 11], "texture": "#1"},
				"south": {"uv": [11, 9.375, 11.375, 9.625], "texture": "#1"},
				"west": {"uv": [6.25, 10.75, 6.75, 11], "texture": "#1"},
				"up": {"uv": [10.625, 10.75, 10.25, 10.25], "texture": "#1"},
				"down": {"uv": [0.375, 10.375, 0, 10.875], "texture": "#1"}
			}
		},
		{
			"from": [10.32674, 3.04012, 23.17208],
			"to": [12.30674, 7.04012, 24.17208],
			"rotation": {"angle": -22.5, "axis": "x", "origin": [11.31674, 3.04012, 21.87208]},
			"faces": {
				"north": {"uv": [3.125, 10.75, 3.375, 11.25], "texture": "#1"},
				"east": {"uv": [6.875, 11.375, 7, 11.875], "texture": "#1"},
				"south": {"uv": [6.875, 10.75, 7.125, 11.25], "texture": "#1"},
				"west": {"uv": [9.25, 11.375, 9.375, 11.875], "texture": "#1"},
				"up": {"uv": [11.625, 10.875, 11.375, 10.75], "texture": "#1"},
				"down": {"uv": [11.75, 1.125, 11.5, 1.25], "texture": "#1"}
			}
		},
		{
			"from": [10.32674, 6.54012, 21.92208],
			"to": [12.30674, 7.04012, 23.17208],
			"rotation": {"angle": -22.5, "axis": "x", "origin": [11.31674, 3.04012, 21.87208]},
			"faces": {
				"north": {"uv": [2.5, 11.5, 2.75, 11.625], "texture": "#1"},
				"east": {"uv": [8.375, 11.5, 8.5, 11.625], "texture": "#1"},
				"south": {"uv": [11.5, 2.5, 11.75, 2.625], "texture": "#1"},
				"west": {"uv": [11.5, 8.5, 11.625, 8.625], "texture": "#1"},
				"up": {"uv": [11.75, 2.875, 11.5, 2.75], "texture": "#1"},
				"down": {"uv": [11.75, 3, 11.5, 3.125], "texture": "#1"}
			}
		},
		{
			"from": [9.84674, 3.17, 16.59674],
			"to": [12.78674, 5.17, 20.59674],
			"rotation": {"angle": 45, "axis": "x", "origin": [11.31674, 4.12339, 18.61393]},
			"faces": {
				"north": {"uv": [10.625, 11, 11, 11.25], "texture": "#1"},
				"east": {"uv": [8.625, 10.75, 9.125, 11], "texture": "#1"},
				"south": {"uv": [11.125, 0.375, 11.5, 0.625], "texture": "#1"},
				"west": {"uv": [10.75, 10.25, 11.25, 10.5], "texture": "#1"},
				"up": {"uv": [0.875, 10.875, 0.5, 10.375], "texture": "#1"},
				"down": {"uv": [1.375, 10.375, 1, 10.875], "texture": "#1"}
			}
		},
		{
			"from": [3.45467, 5.95988, -3.45],
			"to": [6.43467, 7.95988, 0.55],
			"rotation": {"angle": -22.5, "axis": "x", "origin": [4.94467, 7.95988, -2.15]},
			"faces": {
				"north": {"uv": [2.5, 11.125, 2.875, 11.375], "texture": "#1"},
				"east": {"uv": [10.75, 10.625, 11.25, 10.875], "texture": "#1"},
				"south": {"uv": [5.5, 11.125, 5.875, 11.375], "texture": "#1"},
				"west": {"uv": [10.875, 1, 11.375, 1.25], "texture": "#1"},
				"up": {"uv": [1.875, 10.875, 1.5, 10.375], "texture": "#1"},
				"down": {"uv": [10.75, 1.75, 10.375, 2.25], "texture": "#1"}
			}
		},
		{
			"from": [3.95467, 3.95988, -4.45],
			"to": [5.93467, 7.95988, -3.45],
			"rotation": {"angle": -22.5, "axis": "x", "origin": [4.94467, 7.95988, -2.15]},
			"faces": {
				"north": {"uv": [10.875, 1.375, 11.125, 1.875], "texture": "#1"},
				"east": {"uv": [9.5, 11.375, 9.625, 11.875], "texture": "#1"},
				"south": {"uv": [4, 10.875, 4.25, 11.375], "texture": "#1"},
				"west": {"uv": [11.375, 10.125, 11.5, 10.625], "texture": "#1"},
				"up": {"uv": [11.75, 3.375, 11.5, 3.25], "texture": "#1"},
				"down": {"uv": [11.75, 3.5, 11.5, 3.625], "texture": "#1"}
			}
		},
		{
			"from": [3.95467, 3.95988, -3.45],
			"to": [5.93467, 4.45988, -2.2],
			"rotation": {"angle": -22.5, "axis": "x", "origin": [4.94467, 7.95988, -2.15]},
			"faces": {
				"north": {"uv": [4, 11.5, 4.25, 11.625], "texture": "#1"},
				"east": {"uv": [8.625, 11.5, 8.75, 11.625], "texture": "#1"},
				"south": {"uv": [11.5, 4.625, 11.75, 4.75], "texture": "#1"},
				"west": {"uv": [11.5, 8.75, 11.625, 8.875], "texture": "#1"},
				"up": {"uv": [11.75, 5, 11.5, 4.875], "texture": "#1"},
				"down": {"uv": [11.75, 5.125, 11.5, 5.25], "texture": "#1"}
			}
		},
		{
			"from": [3.47467, 5.83, -0.87467],
			"to": [6.41467, 7.83, 3.12533],
			"rotation": {"angle": 45, "axis": "x", "origin": [4.94467, 6.87661, 1.10815]},
			"faces": {
				"north": {"uv": [6, 11.125, 6.375, 11.375], "texture": "#1"},
				"east": {"uv": [10.875, 2, 11.375, 2.25], "texture": "#1"},
				"south": {"uv": [11.125, 7, 11.5, 7.25], "texture": "#1"},
				"west": {"uv": [4.375, 10.875, 4.875, 11.125], "texture": "#1"},
				"up": {"uv": [2.375, 10.875, 2, 10.375], "texture": "#1"},
				"down": {"uv": [3.875, 10.375, 3.5, 10.875], "texture": "#1"}
			}
		},
		{
			"from": [15.49467, 4.54012, 8.76],
			"to": [19.49467, 6.54012, 11.74],
			"rotation": {"angle": 22.5, "axis": "z", "origin": [18.19467, 4.54012, 10.25]},
			"faces": {
				"north": {"uv": [7.25, 10.875, 7.75, 11.125], "texture": "#1"},
				"east": {"uv": [11.125, 7.375, 11.5, 7.625], "texture": "#1"},
				"south": {"uv": [7.875, 10.875, 8.375, 11.125], "texture": "#1"},
				"west": {"uv": [11.125, 7.75, 11.5, 8], "texture": "#1"},
				"up": {"uv": [4.5, 10.75, 4, 10.375], "texture": "#1"},
				"down": {"uv": [5.125, 10.375, 4.625, 10.75], "texture": "#1"}
			}
		},
		{
			"from": [19.49467, 4.54012, 9.26],
			"to": [20.49467, 8.54012, 11.24],
			"rotation": {"angle": 22.5, "axis": "z", "origin": [18.19467, 4.54012, 10.25]},
			"faces": {
				"north": {"uv": [10.625, 11.375, 10.75, 11.875], "texture": "#1"},
				"east": {"uv": [10.25, 10.875, 10.5, 11.375], "texture": "#1"},
				"south": {"uv": [10.875, 11.375, 11, 11.875], "texture": "#1"},
				"west": {"uv": [0, 11, 0.25, 11.5], "texture": "#1"},
				"up": {"uv": [5.5, 11.75, 5.375, 11.5], "texture": "#1"},
				"down": {"uv": [11.625, 5.375, 11.5, 5.625], "texture": "#1"}
			}
		},
		{
			"from": [18.24467, 8.04012, 9.26],
			"to": [19.49467, 8.54012, 11.24],
			"rotation": {"angle": 22.5, "axis": "z", "origin": [18.19467, 4.54012, 10.25]},
			"faces": {
				"north": {"uv": [11.5, 9, 11.625, 9.125], "texture": "#1"},
				"east": {"uv": [5.625, 11.5, 5.875, 11.625], "texture": "#1"},
				"south": {"uv": [11.5, 9.25, 11.625, 9.375], "texture": "#1"},
				"west": {"uv": [6, 11.5, 6.25, 11.625], "texture": "#1"},
				"up": {"uv": [6.5, 11.75, 6.375, 11.5], "texture": "#1"},
				"down": {"uv": [6.75, 11.5, 6.625, 11.75], "texture": "#1"}
			}
		},
		{
			"from": [12.91934, 4.67, 8.78],
			"to": [16.91934, 6.67, 11.72],
			"rotation": {"angle": -45, "axis": "z", "origin": [14.93652, 5.62339, 10.25]},
			"faces": {
				"north": {"uv": [10.875, 9.75, 11.375, 10], "texture": "#1"},
				"east": {"uv": [11.125, 8.125, 11.5, 8.375], "texture": "#1"},
				"south": {"uv": [0.375, 11, 0.875, 11.25], "texture": "#1"},
				"west": {"uv": [8.5, 11.125, 8.875, 11.375], "texture": "#1"},
				"up": {"uv": [10.875, 5.75, 10.375, 5.375], "texture": "#1"},
				"down": {"uv": [10.875, 6.625, 10.375, 7], "texture": "#1"}
			}
		}
	],
	"display": {
		"thirdperson_righthand": {
			"rotation": [75, 45, 0],
			"translation": [0, 2.5, 0],
			"scale": [0.3, 0.3, 0.3]
		},
		"thirdperson_lefthand": {
			"rotation": [75, 45, 0],
			"translation": [0, 2.5, 0],
			"scale": [0.3, 0.3, 0.3]
		},
		"firstperson_righthand": {
			"rotation": [0, 45, 0],
			"translation": [1.25, 2.5, 0],
			"scale": [0.3, 0.3, 0.3]
		},
		"firstperson_lefthand": {
			"rotation": [0, 45, 0],
			"translation": [1.25, 2.5, 0],
			"scale": [0.3, 0.3, 0.3]
		},
		"ground": {
			"translation": [0, 3, 0],
			"scale": [0.25, 0.25, 0.25]
		},
		"gui": {
			"rotation": [20, 225, 0],
			"translation": [0.65, -1, 0],
			"scale": [0.53, 0.53, 0.53]
		},
		"head": {
			"scale": [1.1, 1.1, 1.1]
		},
		"fixed": {
			"scale": [0.5, 0.5, 0.5]
		}
	},
	"groups": [
		{
			"name": "Moss",
			"origin": [16.4, 0.9, 4.05],
			"color": 0,
			"children": [0, 1, 2, 3]
		},
		{
			"name": "Coral",
			"origin": [11.15, 18, 15.25],
			"color": 0,
			"children": [4, 5, 6, 7, 8]
		},
		{
			"name": "Chains & Details",
			"origin": [2, 0, 3],
			"color": 0,
			"children": [9, 10, 11, 12]
		},
		{
			"name": "Box",
			"origin": [8, 8, 8],
			"color": 0,
			"children": [
				{
					"name": "Bottom Blobs",
					"origin": [0, 0, 14.25],
					"color": 0,
					"children": [13, 14, 15, 16]
				},
				{
					"name": "Top Blobs",
					"origin": [0, 0, 14.25],
					"color": 0,
					"children": [17, 18, 19, 20]
				},
				{
					"name": "Bottom Bars",
					"origin": [16, 0, 3],
					"color": 0,
					"children": [21, 22, 23, 24]
				},
				{
					"name": "Side Bars",
					"origin": [2, 0, 3],
					"color": 0,
					"children": [25, 26, 27, 28]
				},
				{
					"name": "Top Bars",
					"origin": [2, 0, 3],
					"color": 0,
					"children": [29, 30, 31, 32]
				},
				{
					"name": "Insides",
					"origin": [13, 1, 4],
					"color": 0,
					"children": [33, 34, 35, 36, 37, 38, 39]
				}
			]
		},
		{
			"name": "All Tentacles",
			"origin": [8, 8, 8],
			"color": 0,
			"children": [
				{
					"name": "Tentacle",
					"origin": [5.5, 19.62339, 7.79718],
					"color": 0,
					"children": [40, 41, 42, 43, 44, 45, 46]
				},
				{
					"name": "Tentacle",
					"origin": [5.5, 19.62339, 7.79718],
					"color": 0,
					"children": [47, 48, 49, 50, 51, 52]
				},
				{
					"name": "Tentacle",
					"origin": [5.5, 19.62339, 7.79718],
					"color": 0,
					"children": [53, 54, 55, 56, 57]
				},
				{
					"name": "Tentacle",
					"origin": [5.5, 19.62339, 7.79718],
					"color": 0,
					"children": [58, 59, 60, 61]
				},
				{
					"name": "Tentacle",
					"origin": [5.5, 19.62339, 7.79718],
					"color": 0,
					"children": [62, 63, 64, 65]
				}
			]
		}
	]
}