{
	"format_version": "1.9.0",
	"credit": "Made with Blockbench",
	"texture_size": [64, 64],
	"textures": {
		"0": "the_vault:block/vault_greed_altar",
		"particle": "the_vault:block/vault_greed_altar"
	},
	"elements": [
		{
			"name": "bottom",
			"from": [1, 0, 1],
			"to": [15, 4, 15],
			"faces": {
				"north": {"uv": [4, 3.5, 7.5, 4.5], "texture": "#0"},
				"east": {"uv": [4, 3.5, 7.5, 4.5], "texture": "#0"},
				"south": {"uv": [4, 3.5, 7.5, 4.5], "texture": "#0"},
				"west": {"uv": [4, 3.5, 7.5, 4.5], "texture": "#0"},
				"up": {"uv": [4, 0, 7.5, 3.5], "texture": "#0"},
				"down": {"uv": [4, 4.5, 7.5, 8], "texture": "#0"}
			}
		},
		{
			"name": "mid",
			"from": [3, 4, 3],
			"to": [13, 6, 13],
			"faces": {
				"north": {"uv": [9, 2.5, 11.5, 3], "texture": "#0"},
				"east": {"uv": [9, 2.5, 11.5, 3], "texture": "#0"},
				"south": {"uv": [9, 2.5, 11.5, 3], "texture": "#0"},
				"west": {"uv": [9, 2.5, 11.5, 3], "texture": "#0"},
				"up": {"uv": [9, 0, 11.5, 2.5], "texture": "#0"},
				"down": {"uv": [9, 0, 11.5, 2.5], "texture": "#0"}
			}
		},
		{
			"name": "center",
			"from": [4, 7, 4],
			"to": [12, 15, 12],
			"faces": {
				"north": {"uv": [7.5, 6, 9.5, 8], "texture": "#0"},
				"east": {"uv": [7.5, 6, 9.5, 8], "texture": "#0"},
				"south": {"uv": [7.5, 6, 9.5, 8], "texture": "#0"},
				"west": {"uv": [7.5, 6, 9.5, 8], "texture": "#0"},
				"up": {"uv": [7.5, 4, 9.5, 6], "texture": "#0"},
				"down": {"uv": [7.5, 4, 9.5, 6], "texture": "#0"}
			}
		},
		{
			"name": "plate",
			"from": [0, 9, 0],
			"to": [16, 13, 16],
			"faces": {
				"north": {"uv": [0, 4, 4, 5], "texture": "#0"},
				"east": {"uv": [0, 4, 4, 5], "texture": "#0"},
				"south": {"uv": [0, 4, 4, 5], "texture": "#0"},
				"west": {"uv": [0, 4, 4, 5], "texture": "#0"},
				"up": {"uv": [0, 0, 4, 4], "texture": "#0"},
				"down": {"uv": [0, 5, 4, 9], "texture": "#0"}
			}
		},
		{
			"name": "top",
			"from": [5, 15, 5],
			"to": [11, 16, 11],
			"faces": {
				"north": {"uv": [9.5, 5.5, 11, 5.75], "texture": "#0"},
				"east": {"uv": [9.5, 5.5, 11, 5.75], "texture": "#0"},
				"south": {"uv": [9.5, 5.5, 11, 5.75], "texture": "#0"},
				"west": {"uv": [9.5, 5.5, 11, 5.75], "texture": "#0"},
				"up": {"uv": [9.5, 4, 11, 5.5], "texture": "#0"},
				"down": {"uv": [9.5, 4, 11, 5.5], "texture": "#0"}
			}
		},
		{
			"name": "top",
			"from": [5, 6, 5],
			"to": [11, 7, 11],
			"faces": {
				"north": {"uv": [9.5, 5.5, 11, 5.75], "texture": "#0"},
				"east": {"uv": [9.5, 5.5, 11, 5.75], "texture": "#0"},
				"south": {"uv": [9.5, 5.5, 11, 5.75], "texture": "#0"},
				"west": {"uv": [9.5, 5.5, 11, 5.75], "texture": "#0"},
				"up": {"uv": [9.5, 4, 11, 5.5], "texture": "#0"},
				"down": {"uv": [9.5, 4, 11, 5.5], "texture": "#0"}
			}
		},
		{
			"from": [-1, 8.1, -1],
			"to": [3, 16.1, 3],
			"faces": {
				"north": {"uv": [7.5, 1, 8.5, 3], "texture": "#0"},
				"east": {"uv": [7.5, 1, 8.5, 3], "texture": "#0"},
				"south": {"uv": [7.5, 1, 8.5, 3], "texture": "#0"},
				"west": {"uv": [7.5, 1, 8.5, 3], "texture": "#0"},
				"up": {"uv": [7.5, 0, 8.5, 1], "texture": "#0"},
				"down": {"uv": [7.5, 3, 8.5, 4], "texture": "#0"}
			}
		},
		{
			"from": [13, 8.1, -1],
			"to": [17, 16.1, 3],
			"faces": {
				"north": {"uv": [7.5, 1, 8.5, 3], "texture": "#0"},
				"east": {"uv": [7.5, 1, 8.5, 3], "texture": "#0"},
				"south": {"uv": [7.5, 1, 8.5, 3], "texture": "#0"},
				"west": {"uv": [7.5, 1, 8.5, 3], "texture": "#0"},
				"up": {"uv": [7.5, 0, 8.5, 1], "texture": "#0"},
				"down": {"uv": [7.5, 3, 8.5, 4], "texture": "#0"}
			}
		},
		{
			"from": [-1, 8.1, 13],
			"to": [3, 16.1, 17],
			"faces": {
				"north": {"uv": [7.5, 1, 8.5, 3], "texture": "#0"},
				"east": {"uv": [7.5, 1, 8.5, 3], "texture": "#0"},
				"south": {"uv": [7.5, 1, 8.5, 3], "texture": "#0"},
				"west": {"uv": [7.5, 1, 8.5, 3], "texture": "#0"},
				"up": {"uv": [7.5, 0, 8.5, 1], "texture": "#0"},
				"down": {"uv": [7.5, 3, 8.5, 4], "texture": "#0"}
			}
		},
		{
			"from": [13, 8.1, 13],
			"to": [17, 16.1, 17],
			"faces": {
				"north": {"uv": [7.5, 1, 8.5, 3], "texture": "#0"},
				"east": {"uv": [7.5, 1, 8.5, 3], "texture": "#0"},
				"south": {"uv": [7.5, 1, 8.5, 3], "texture": "#0"},
				"west": {"uv": [7.5, 1, 8.5, 3], "texture": "#0"},
				"up": {"uv": [7.5, 0, 8.5, 1], "texture": "#0"},
				"down": {"uv": [7.5, 3, 8.5, 4], "texture": "#0"}
			}
		},
		{
			"from": [0, 6, 0],
			"to": [2, 18, 2],
			"faces": {
				"north": {"uv": [8.5, 0.5, 9, 3.5], "texture": "#0"},
				"east": {"uv": [8.5, 0.5, 9, 3.5], "texture": "#0"},
				"south": {"uv": [8.5, 0.5, 9, 3.5], "texture": "#0"},
				"west": {"uv": [8.5, 0.5, 9, 3.5], "texture": "#0"},
				"up": {"uv": [8.5, 0, 9, 0.5], "texture": "#0"},
				"down": {"uv": [8.5, 3.5, 9, 4], "texture": "#0"}
			}
		},
		{
			"from": [14, 6, 0],
			"to": [16, 18, 2],
			"faces": {
				"north": {"uv": [8.5, 0.5, 9, 3.5], "texture": "#0"},
				"east": {"uv": [8.5, 0.5, 9, 3.5], "texture": "#0"},
				"south": {"uv": [8.5, 0.5, 9, 3.5], "texture": "#0"},
				"west": {"uv": [8.5, 0.5, 9, 3.5], "texture": "#0"},
				"up": {"uv": [8.5, 0, 9, 0.5], "texture": "#0"},
				"down": {"uv": [8.5, 3.5, 9, 4], "texture": "#0"}
			}
		},
		{
			"from": [0, 6, 14],
			"to": [2, 18, 16],
			"faces": {
				"north": {"uv": [8.5, 0.5, 9, 3.5], "texture": "#0"},
				"east": {"uv": [8.5, 0.5, 9, 3.5], "texture": "#0"},
				"south": {"uv": [8.5, 0.5, 9, 3.5], "texture": "#0"},
				"west": {"uv": [8.5, 0.5, 9, 3.5], "texture": "#0"},
				"up": {"uv": [8.5, 0, 9, 0.5], "texture": "#0"},
				"down": {"uv": [8.5, 3.5, 9, 4], "texture": "#0"}
			}
		},
		{
			"from": [14, 6, 14],
			"to": [16, 18, 16],
			"faces": {
				"north": {"uv": [8.5, 0.5, 9, 3.5], "texture": "#0"},
				"east": {"uv": [8.5, 0.5, 9, 3.5], "texture": "#0"},
				"south": {"uv": [8.5, 0.5, 9, 3.5], "texture": "#0"},
				"west": {"uv": [8.5, 0.5, 9, 3.5], "texture": "#0"},
				"up": {"uv": [8.5, 0, 9, 0.5], "texture": "#0"},
				"down": {"uv": [8.5, 3.5, 9, 4], "texture": "#0"}
			}
		}
	],
	"display": {
		"thirdperson_righthand": {
			"rotation": [75, 135, 0],
			"translation": [0, 2.5, 0],
			"scale": [0.3, 0.3, 0.3]
		},
		"thirdperson_lefthand": {
			"rotation": [75, 135, 0],
			"translation": [0, 2.5, 0],
			"scale": [0.3, 0.3, 0.3]
		},
		"firstperson_righthand": {
			"rotation": [0, 135, 0],
			"translation": [0, 2.5, 0],
			"scale": [0.4, 0.4, 0.4]
		},
		"firstperson_lefthand": {
			"rotation": [0, 135, 0],
			"translation": [0, 2.5, 0],
			"scale": [0.4, 0.4, 0.4]
		},
		"ground": {
			"translation": [0, 3, 0],
			"scale": [0.25, 0.25, 0.25]
		},
		"gui": {
			"rotation": [30, 135, 0],
			"translation": [0, -1.5, 0],
			"scale": [0.6, 0.6, 0.6]
		},
		"head": {
			"rotation": [0, -180, 0]
		},
		"fixed": {
			"rotation": [0, -180, 0]
		}
	},
	"groups": [
		{
			"name": "vault_altar",
			"origin": [8, 8, 8],
			"color": 0,
			"children": [
				0,
				1,
				2,
				3,
				4,
				5,
				{
					"name": "bigside",
					"origin": [0, 0, 0],
					"color": 0,
					"children": [6, 7, 8, 9]
				},
				{
					"name": "smallside",
					"origin": [0, 0, 0],
					"color": 0,
					"children": [10, 11, 12, 13]
				}
			]
		}
	]
}