{
	"credit": "Made with Blockbench",
	"texture_size": [32, 32],
	"textures": {
		"0": "vaultintegrations:block/altar_conduit",
		"particle": "vaultintegrations:block/altar_conduit"
	},
	"elements": [
		{
			"from": [6, 1, 1],
			"to": [10, 2, 3],
			"rotation": {"angle": 45, "axis": "y", "origin": [8, 1, 8]},
			"faces": {
				"north": {"uv": [7.5, 1, 9.5, 1.5], "texture": "#0"},
				"east": {"uv": [9.5, 0, 10.5, 0.5], "texture": "#0"},
				"south": {"uv": [7.5, 1, 9.5, 1.5], "texture": "#0"},
				"west": {"uv": [9.5, 0, 10.5, 0.5], "texture": "#0"},
				"up": {"uv": [7.5, 0, 9.5, 1], "texture": "#0"},
				"down": {"uv": [7.5, 1.5, 9.5, 2.5], "texture": "#0"}
			}
		},
		{
			"from": [6, 1, 13],
			"to": [10, 2, 15],
			"rotation": {"angle": -45, "axis": "y", "origin": [8, 1, 8]},
			"faces": {
				"north": {"uv": [7.5, 1, 9.5, 1.5], "texture": "#0"},
				"east": {"uv": [9.5, 0, 10.5, 0.5], "texture": "#0"},
				"south": {"uv": [7.5, 1, 9.5, 1.5], "texture": "#0"},
				"west": {"uv": [9.5, 0, 10.5, 0.5], "texture": "#0"},
				"up": {"uv": [7.5, 0, 9.5, 1], "rotation": 180, "texture": "#0"},
				"down": {"uv": [7.5, 1.5, 9.5, 2.5], "rotation": 180, "texture": "#0"}
			}
		},
		{
			"from": [13, 1, 6],
			"to": [15, 2, 10],
			"rotation": {"angle": -45, "axis": "y", "origin": [8, 1, 8]},
			"faces": {
				"north": {"uv": [9.5, 0, 10.5, 0.5], "texture": "#0"},
				"east": {"uv": [7.5, 1, 9.5, 1.5], "texture": "#0"},
				"south": {"uv": [9.5, 0, 10.5, 0.5], "texture": "#0"},
				"west": {"uv": [7.5, 1, 9.5, 1.5], "texture": "#0"},
				"up": {"uv": [7.5, 0, 9.5, 1], "rotation": 90, "texture": "#0"},
				"down": {"uv": [7.5, 1.5, 9.5, 2.5], "rotation": 270, "texture": "#0"}
			}
		},
		{
			"from": [6, 1, 1],
			"to": [10, 2, 3],
			"rotation": {"angle": -45, "axis": "y", "origin": [8, 1, 8]},
			"faces": {
				"north": {"uv": [7.5, 1, 9.5, 1.5], "texture": "#0"},
				"east": {"uv": [9.5, 0, 10.5, 0.5], "texture": "#0"},
				"south": {"uv": [7.5, 1, 9.5, 1.5], "texture": "#0"},
				"west": {"uv": [9.5, 0, 10.5, 0.5], "texture": "#0"},
				"up": {"uv": [7.5, 0, 9.5, 1], "texture": "#0"},
				"down": {"uv": [7.5, 1.5, 9.5, 2.5], "texture": "#0"}
			}
		},
		{
			"from": [0, -2, 6.5],
			"to": [3, 5, 9.5],
			"rotation": {"angle": 0, "axis": "y", "origin": [0, -16, 0]},
			"faces": {
				"north": {"uv": [0, 0, 1.5, 3.5], "texture": "#0"},
				"east": {"uv": [0, 0, 1.5, 3.5], "texture": "#0"},
				"south": {"uv": [0, 0, 1.5, 3.5], "texture": "#0"},
				"west": {"uv": [4.5, 0, 6, 3.5], "texture": "#0"},
				"up": {"uv": [1.5, 3.5, 3, 5], "texture": "#0"},
				"down": {"uv": [0, 3.5, 1.5, 5], "texture": "#0"}
			}
		},
		{
			"from": [6.5, -2, 13],
			"to": [9.5, 5, 16],
			"rotation": {"angle": 0, "axis": "y", "origin": [0, -16, 0]},
			"faces": {
				"north": {"uv": [0, 0, 1.5, 3.5], "texture": "#0"},
				"east": {"uv": [0, 0, 1.5, 3.5], "texture": "#0"},
				"south": {"uv": [3, 0, 4.5, 3.5], "texture": "#0"},
				"west": {"uv": [0, 0, 1.5, 3.5], "texture": "#0"},
				"up": {"uv": [1.5, 3.5, 3, 5], "texture": "#0"},
				"down": {"uv": [0, 3.5, 1.5, 5], "texture": "#0"}
			}
		},
		{
			"from": [13, -2, 6.5],
			"to": [16, 5, 9.5],
			"rotation": {"angle": 0, "axis": "y", "origin": [0, -16, 0]},
			"faces": {
				"north": {"uv": [0, 0, 1.5, 3.5], "texture": "#0"},
				"east": {"uv": [6, 0, 7.5, 3.5], "texture": "#0"},
				"south": {"uv": [0, 0, 1.5, 3.5], "texture": "#0"},
				"west": {"uv": [0, 0, 1.5, 3.5], "texture": "#0"},
				"up": {"uv": [1.5, 3.5, 3, 5], "texture": "#0"},
				"down": {"uv": [0, 3.5, 1.5, 5], "texture": "#0"}
			}
		},
		{
			"from": [6.5, -2, 0],
			"to": [9.5, 5, 3],
			"rotation": {"angle": 0, "axis": "y", "origin": [0, -16, 0]},
			"faces": {
				"north": {"uv": [1.5, 0, 3, 3.5], "texture": "#0"},
				"east": {"uv": [0, 0, 1.5, 3.5], "texture": "#0"},
				"south": {"uv": [0, 0, 1.5, 3.5], "texture": "#0"},
				"west": {"uv": [0, 0, 1.5, 3.5], "texture": "#0"},
				"up": {"uv": [1.5, 3.5, 3, 5], "texture": "#0"},
				"down": {"uv": [0, 3.5, 1.5, 5], "texture": "#0"}
			}
		},
		{
			"from": [7.5, 5, 1],
			"to": [8.5, 6, 2],
			"faces": {
				"north": {"uv": [2, 4, 2.5, 4.5], "texture": "#0"},
				"east": {"uv": [2, 4, 2.5, 4.5], "texture": "#0"},
				"south": {"uv": [2, 4, 2.5, 4.5], "texture": "#0"},
				"west": {"uv": [2, 4, 2.5, 4.5], "texture": "#0"},
				"up": {"uv": [2, 4, 2.5, 4.5], "texture": "#0"},
				"down": {"uv": [2, 4, 2.5, 4.5], "texture": "#0"}
			}
		},
		{
			"from": [7.5, 5, 14],
			"to": [8.5, 6, 15],
			"faces": {
				"north": {"uv": [2, 4, 2.5, 4.5], "texture": "#0"},
				"east": {"uv": [2, 4, 2.5, 4.5], "texture": "#0"},
				"south": {"uv": [2, 4, 2.5, 4.5], "texture": "#0"},
				"west": {"uv": [2, 4, 2.5, 4.5], "texture": "#0"},
				"up": {"uv": [2, 4, 2.5, 4.5], "texture": "#0"},
				"down": {"uv": [2, 4, 2.5, 4.5], "texture": "#0"}
			}
		},
		{
			"from": [1, 5, 7.5],
			"to": [2, 6, 8.5],
			"faces": {
				"north": {"uv": [2, 4, 2.5, 4.5], "texture": "#0"},
				"east": {"uv": [2, 4, 2.5, 4.5], "texture": "#0"},
				"south": {"uv": [2, 4, 2.5, 4.5], "texture": "#0"},
				"west": {"uv": [2, 4, 2.5, 4.5], "texture": "#0"},
				"up": {"uv": [2, 4, 2.5, 4.5], "texture": "#0"},
				"down": {"uv": [2, 4, 2.5, 4.5], "texture": "#0"}
			}
		},
		{
			"from": [14, 5, 7.5],
			"to": [15, 6, 8.5],
			"faces": {
				"north": {"uv": [2, 4, 2.5, 4.5], "texture": "#0"},
				"east": {"uv": [2, 4, 2.5, 4.5], "texture": "#0"},
				"south": {"uv": [2, 4, 2.5, 4.5], "texture": "#0"},
				"west": {"uv": [2, 4, 2.5, 4.5], "texture": "#0"},
				"up": {"uv": [2, 4, 2.5, 4.5], "texture": "#0"},
				"down": {"uv": [2, 4, 2.5, 4.5], "texture": "#0"}
			}
		}
	],
	"display": {
		"thirdperson_righthand": {
			"rotation": [75, 45, 0],
			"translation": [0, 2.5, 2],
			"scale": [0.375, 0.375, 0.375]
		},
		"firstperson_righthand": {
			"rotation": [0, 45, 0],
			"translation": [0, 4, 0],
			"scale": [0.4, 0.4, 0.4]
		},
		"ground": {
			"translation": [0, 3, 0],
			"scale": [0.25, 0.25, 0.25]
		},
		"gui": {
			"rotation": [30, 225, 0],
			"translation": [0, 3, 0],
			"scale": [0.625, 0.625, 0.625]
		},
		"head": {
			"translation": [0, 11, 0]
		},
		"fixed": {
			"translation": [0, 2, 0],
			"scale": [0.5, 0.5, 0.5]
		}
	},
	"groups": [
		{
			"name": "group",
			"origin": [8, 8, 8],
			"color": 0,
			"children": [0, 1, 2, 3]
		},
		{
			"name": "group",
			"origin": [8, 8, 8],
			"color": 0,
			"children": [4, 5, 6, 7, 8, 9, 10, 11]
		}
	]
}