{
	"credit": "Made with Blockbench",
	"textures": {
		"0": "the_vault:block/coinpilebronze",
		"particle": "the_vault:block/coin_particle_bronze"
	},
	"elements": [
		{
			"from": [5, 0, 7],
			"to": [9, 8, 11],
			"rotation": {"angle": 0, "axis": "y", "origin": [5, 0, 7]},
			"faces": {
				"north": {"uv": [0, 0, 4, 8], "texture": "#coin"},
				"east": {"uv": [0, 0, 4, 8], "texture": "#coin"},
				"south": {"uv": [0, 0, 4, 8], "texture": "#coin"},
				"west": {"uv": [0, 0, 4, 8], "texture": "#coin"},
				"up": {"uv": [4, 0, 8, 4], "texture": "#coin"},
				"down": {"uv": [4, 0, 8, 4], "texture": "#coin"}
			}
		},
		{
			"from": [1, 0, 9],
			"to": [5, 6, 13],
			"rotation": {"angle": 0, "axis": "y", "origin": [1, 0, 9]},
			"faces": {
				"north": {"uv": [0, 0, 4, 6], "texture": "#coin"},
				"east": {"uv": [0, 0, 4, 6], "texture": "#coin"},
				"south": {"uv": [0, 0, 4, 6], "texture": "#coin"},
				"west": {"uv": [0, 0, 4, 6], "texture": "#coin"},
				"up": {"uv": [4, 0, 8, 4], "texture": "#coin"},
				"down": {"uv": [4, 0, 8, 4], "texture": "#coin"}
			}
		},
		{
			"from": [9, 0, 5],
			"to": [13, 6, 9],
			"rotation": {"angle": 0, "axis": "y", "origin": [9, 0, 5]},
			"faces": {
				"north": {"uv": [0, 0, 4, 6], "texture": "#coin"},
				"east": {"uv": [0, 0, 4, 6], "texture": "#coin"},
				"south": {"uv": [0, 0, 4, 6], "texture": "#coin"},
				"west": {"uv": [0, 0, 4, 6], "texture": "#coin"},
				"up": {"uv": [4, 0, 8, 4], "texture": "#coin"},
				"down": {"uv": [4, 0, 8, 4], "texture": "#coin"}
			}
		},
		{
			"from": [11, 0, 1],
			"to": [15, 4, 5],
			"rotation": {"angle": 0, "axis": "y", "origin": [11, 0, 1]},
			"faces": {
				"north": {"uv": [0, 0, 4, 4], "texture": "#coin"},
				"east": {"uv": [0, 0, 4, 4], "texture": "#coin"},
				"south": {"uv": [0, 0, 4, 4], "texture": "#coin"},
				"west": {"uv": [0, 0, 4, 4], "texture": "#coin"},
				"up": {"uv": [4, 0, 8, 4], "texture": "#coin"},
				"down": {"uv": [4, 0, 8, 4], "texture": "#coin"}
			}
		},
		{
			"from": [1, 0, 5],
			"to": [5, 4, 9],
			"rotation": {"angle": 0, "axis": "y", "origin": [1, 0, 5]},
			"faces": {
				"north": {"uv": [0, 0, 4, 4], "texture": "#coin"},
				"east": {"uv": [0, 0, 4, 4], "texture": "#coin"},
				"south": {"uv": [0, 0, 4, 4], "texture": "#coin"},
				"west": {"uv": [0, 0, 4, 4], "texture": "#coin"},
				"up": {"uv": [4, 0, 8, 4], "texture": "#coin"},
				"down": {"uv": [4, 0, 8, 4], "texture": "#coin"}
			}
		},
		{
			"from": [5, 0, 11],
			"to": [9, 4, 15],
			"rotation": {"angle": 0, "axis": "y", "origin": [5, 0, 11]},
			"faces": {
				"north": {"uv": [0, 0, 4, 4], "texture": "#coin"},
				"east": {"uv": [0, 0, 4, 4], "texture": "#coin"},
				"south": {"uv": [0, 0, 4, 4], "texture": "#coin"},
				"west": {"uv": [0, 0, 4, 4], "texture": "#coin"},
				"up": {"uv": [4, 0, 8, 4], "texture": "#coin"},
				"down": {"uv": [4, 0, 8, 4], "texture": "#coin"}
			}
		},
		{
			"from": [5, 0, 1],
			"to": [9, 2, 5],
			"rotation": {"angle": 0, "axis": "y", "origin": [5, 0, 1]},
			"faces": {
				"north": {"uv": [0, 0, 4, 2], "texture": "#coin"},
				"east": {"uv": [0, 0, 4, 2], "texture": "#coin"},
				"south": {"uv": [0, 0, 4, 2], "texture": "#coin"},
				"west": {"uv": [0, 0, 4, 2], "texture": "#coin"},
				"up": {"uv": [4, 0, 8, 4], "texture": "#coin"},
				"down": {"uv": [4, 0, 8, 4], "texture": "#coin"}
			}
		},
		{
			"from": [11, 0, 11],
			"to": [15, 2, 15],
			"rotation": {"angle": 0, "axis": "y", "origin": [11, 0, 11]},
			"faces": {
				"north": {"uv": [0, 0, 4, 2], "texture": "#coin"},
				"east": {"uv": [0, 0, 4, 2], "texture": "#coin"},
				"south": {"uv": [0, 0, 4, 2], "texture": "#coin"},
				"west": {"uv": [0, 0, 4, 2], "texture": "#coin"},
				"up": {"uv": [4, 0, 8, 4], "texture": "#coin"},
				"down": {"uv": [4, 0, 8, 4], "texture": "#coin"}
			}
		}
	]
}