{
	"credit": "Made with Blockbench",
	"textures": {
		"0": "the_vault:block/coinpilebronze",
		"particle": "the_vault:block/coin_particle_bronze"
	},
	"elements": [
		{
			"from": [8, 0, 8],
			"to": [12, 12, 12],
			"rotation": {"angle": 0, "axis": "y", "origin": [8, 0, 8]},
			"faces": {
				"north": {"uv": [0, 0, 4, 12], "texture": "#coin"},
				"east": {"uv": [0, 0, 4, 12], "texture": "#coin"},
				"south": {"uv": [0, 0, 4, 12], "texture": "#coin"},
				"west": {"uv": [0, 0, 4, 12], "texture": "#coin"},
				"up": {"uv": [4, 0, 8, 4], "texture": "#coin"},
				"down": {"uv": [4, 0, 8, 4], "texture": "#coin"}
			}
		},
		{
			"from": [0, 0, 2],
			"to": [4, 10, 6],
			"rotation": {"angle": 0, "axis": "y", "origin": [0, 0, 2]},
			"faces": {
				"north": {"uv": [0, 0, 4, 10], "texture": "#coin"},
				"east": {"uv": [0, 0, 4, 10], "texture": "#coin"},
				"south": {"uv": [0, 0, 4, 10], "texture": "#coin"},
				"west": {"uv": [0, 0, 4, 10], "texture": "#coin"},
				"up": {"uv": [4, 0, 8, 4], "texture": "#coin"},
				"down": {"uv": [4, 0, 8, 4], "texture": "#coin"}
			}
		},
		{
			"from": [4, 0, 4],
			"to": [8, 8, 8],
			"rotation": {"angle": 0, "axis": "y", "origin": [4, 0, 4]},
			"faces": {
				"north": {"uv": [0, 0, 4, 8], "texture": "#coin"},
				"east": {"uv": [0, 0, 4, 8], "texture": "#coin"},
				"south": {"uv": [0, 0, 4, 8], "texture": "#coin"},
				"west": {"uv": [0, 0, 4, 8], "texture": "#coin"},
				"up": {"uv": [4, 0, 8, 4], "texture": "#coin"},
				"down": {"uv": [4, 0, 8, 4], "texture": "#coin"}
			}
		},
		{
			"from": [12, 0, 4],
			"to": [16, 8, 8],
			"rotation": {"angle": 0, "axis": "y", "origin": [12, 0, 4]},
			"faces": {
				"north": {"uv": [0, 0, 4, 8], "texture": "#coin"},
				"east": {"uv": [0, 0, 4, 8], "texture": "#coin"},
				"south": {"uv": [0, 0, 4, 8], "texture": "#coin"},
				"west": {"uv": [0, 0, 4, 8], "texture": "#coin"},
				"up": {"uv": [4, 0, 8, 4], "texture": "#coin"},
				"down": {"uv": [4, 0, 8, 4], "texture": "#coin"}
			}
		},
		{
			"from": [8, 0, 12],
			"to": [12, 8, 16],
			"rotation": {"angle": 0, "axis": "y", "origin": [8, 0, 12]},
			"faces": {
				"north": {"uv": [0, 0, 4, 8], "texture": "#coin"},
				"east": {"uv": [0, 0, 4, 8], "texture": "#coin"},
				"south": {"uv": [0, 0, 4, 8], "texture": "#coin"},
				"west": {"uv": [0, 0, 4, 8], "texture": "#coin"},
				"up": {"uv": [4, 0, 8, 4], "texture": "#coin"},
				"down": {"uv": [4, 0, 8, 4], "texture": "#coin"}
			}
		},
		{
			"from": [4, 0, 8],
			"to": [8, 6, 12],
			"rotation": {"angle": 0, "axis": "y", "origin": [4, 0, 8]},
			"faces": {
				"north": {"uv": [0, 0, 4, 6], "texture": "#coin"},
				"east": {"uv": [0, 0, 4, 6], "texture": "#coin"},
				"south": {"uv": [0, 0, 4, 6], "texture": "#coin"},
				"west": {"uv": [0, 0, 4, 6], "texture": "#coin"},
				"up": {"uv": [4, 0, 8, 4], "texture": "#coin"},
				"down": {"uv": [4, 0, 8, 4], "texture": "#coin"}
			}
		},
		{
			"from": [8, 0, 4],
			"to": [12, 6, 8],
			"rotation": {"angle": 0, "axis": "y", "origin": [8, 0, 4]},
			"faces": {
				"north": {"uv": [0, 0, 4, 6], "texture": "#coin"},
				"east": {"uv": [0, 0, 4, 6], "texture": "#coin"},
				"south": {"uv": [0, 0, 4, 6], "texture": "#coin"},
				"west": {"uv": [0, 0, 4, 6], "texture": "#coin"},
				"up": {"uv": [4, 0, 8, 4], "texture": "#coin"},
				"down": {"uv": [4, 0, 8, 4], "texture": "#coin"}
			}
		},
		{
			"from": [4, 0, 0],
			"to": [8, 6, 4],
			"rotation": {"angle": 0, "axis": "y", "origin": [4, 0, 0]},
			"faces": {
				"north": {"uv": [0, 0, 4, 6], "texture": "#coin"},
				"east": {"uv": [0, 0, 4, 6], "texture": "#coin"},
				"south": {"uv": [0, 0, 4, 6], "texture": "#coin"},
				"west": {"uv": [0, 0, 4, 6], "texture": "#coin"},
				"up": {"uv": [4, 0, 8, 4], "texture": "#coin"},
				"down": {"uv": [4, 0, 8, 4], "texture": "#coin"}
			}
		},
		{
			"from": [12, 0, 10],
			"to": [16, 6, 14],
			"rotation": {"angle": 0, "axis": "y", "origin": [12, 0, 10]},
			"faces": {
				"north": {"uv": [0, 0, 4, 6], "texture": "#coin"},
				"east": {"uv": [0, 0, 4, 6], "texture": "#coin"},
				"south": {"uv": [0, 0, 4, 6], "texture": "#coin"},
				"west": {"uv": [0, 0, 4, 6], "texture": "#coin"},
				"up": {"uv": [4, 0, 8, 4], "texture": "#coin"},
				"down": {"uv": [4, 0, 8, 4], "texture": "#coin"}
			}
		},
		{
			"from": [0, 0, 8],
			"to": [4, 4, 12],
			"rotation": {"angle": 0, "axis": "y", "origin": [0, 0, 8]},
			"faces": {
				"north": {"uv": [0, 0, 4, 4], "texture": "#coin"},
				"east": {"uv": [0, 0, 4, 4], "texture": "#coin"},
				"south": {"uv": [0, 0, 4, 4], "texture": "#coin"},
				"west": {"uv": [0, 0, 4, 4], "texture": "#coin"},
				"up": {"uv": [4, 0, 8, 4], "texture": "#coin"},
				"down": {"uv": [4, 0, 8, 4], "texture": "#coin"}
			}
		},
		{
			"from": [2, 0, 12],
			"to": [6, 4, 16],
			"rotation": {"angle": 0, "axis": "y", "origin": [2, 0, 12]},
			"faces": {
				"north": {"uv": [0, 0, 4, 4], "texture": "#coin"},
				"east": {"uv": [0, 0, 4, 4], "texture": "#coin"},
				"south": {"uv": [0, 0, 4, 4], "texture": "#coin"},
				"west": {"uv": [0, 0, 4, 4], "texture": "#coin"},
				"up": {"uv": [4, 0, 8, 4], "texture": "#coin"},
				"down": {"uv": [4, 0, 8, 4], "texture": "#coin"}
			}
		},
		{
			"from": [10, 0, 0],
			"to": [14, 4, 4],
			"rotation": {"angle": 0, "axis": "y", "origin": [10, 0, 0]},
			"faces": {
				"north": {"uv": [0, 0, 4, 4], "texture": "#coin"},
				"east": {"uv": [0, 0, 4, 4], "texture": "#coin"},
				"south": {"uv": [0, 0, 4, 4], "texture": "#coin"},
				"west": {"uv": [0, 0, 4, 4], "texture": "#coin"},
				"up": {"uv": [4, 0, 8, 4], "texture": "#coin"},
				"down": {"uv": [4, 0, 8, 4], "texture": "#coin"}
			}
		}
	]
}