{
	"credit": "Made with Blockbench",
	"textures": {
		"0": "the_vault:block/coinpilebronze",
		"particle": "the_vault:block/coin_particle_bronze"
	},
	"elements": [
		{
			"from": [6, 0, 6],
			"to": [10, 2, 10],
			"rotation": {"angle": 0, "axis": "y", "origin": [6, 0, 6]},
			"faces": {
				"north": {"uv": [0, 0, 4, 2], "texture": "#coin"},
				"east": {"uv": [0, 0, 4, 2], "texture": "#coin"},
				"south": {"uv": [0, 0, 4, 2], "texture": "#coin"},
				"west": {"uv": [0, 0, 4, 2], "texture": "#coin"},
				"up": {"uv": [4, 0, 8, 4], "texture": "#coin"},
				"down": {"uv": [4, 0, 8, 4], "texture": "#coin"}
			}
		}
	]
}